phi_probe_cycles_down,P_down_fit,phi_probe_cycles_up,P_up_fit
0.098,0.5000001140861539,-0.152,0.4999998859138461
0.1005062656641604,0.5000001145155675,-0.1494937343358396,0.4999998854844325
0.1030125313283208,0.5000001158130987,-0.1469874686716792,0.4999998841869013
0.1055187969924812,0.5000001180069384,-0.1444812030075188,0.4999998819930616
0.1080250626566416,0.5000001211451495,-0.1419749373433584,0.4999998788548505
0.110531328320802,0.500000125297336,-0.139468671679198,0.499999874702664
0.1130375939849624,0.500000130557086,-0.1369624060150376,0.499999869442914
0.1155438596491228,0.5000001370453016,-0.1344561403508772,0.4999998629546984
0.1180501253132832,0.5000001449145702,-0.1319498746867168,0.4999998550854298
0.1205563909774436,0.5000001543547878,-0.1294436090225564,0.4999998456452122
0.123062656641604,0.5000001656003012,-0.126937343358396,0.4999998343996988
0.1255689223057644,0.500000178938921,-0.1244310776942356,0.499999821061079
0.1280751879699248,0.5000001947232506,-0.1219248120300752,0.4999998052767494
0.1305814536340852,0.5000002133849079,-0.1194185463659148,0.4999997866150921
0.1330877192982456,0.5000002354523663,-0.1169122807017544,0.4999997645476337
0.135593984962406,0.5000002615733531,-0.114406015037594,0.4999997384266469
0.1381002506265664,0.5000002925429948,-0.1118997493734336,0.4999997074570052
0.1406065162907268,0.5000003293392337,-0.1093934837092732,0.4999996706607663
0.1431127819548872,0.5000003731674619,-0.1068872180451128,0.4999996268325381
0.1456190476190476,0.5000004255168677,-0.1043809523809524,0.4999995744831323
0.148125313283208,0.5000004882316824,-0.101874686716792,0.4999995117683176
0.1506315789473684,0.5000005636014228,-0.09936842105263158,0.4999994363985772
0.1531378446115288,0.5000006544753758,-0.09686215538847118,0.4999993455246242
0.1556441102756892,0.5000007644080614,-0.09435588972431078,0.4999992355919386
0.1581503759398496,0.500000897844324,-0.09184962406015038,0.499999102155676
0.16065664160401,0.5000010603551627,-0.08934335839598997,0.4999989396448373
0.1631629072681704,0.500001258938571,-0.08683709273182957,0.4999987410614291
0.1656691729323309,0.5000015024037197,-0.08433082706766915,0.4999984975962803
0.1681754385964912,0.500001801862024,-0.08182456140350877,0.499998198137976
0.1706817042606516,0.5000021713553121,-0.07931829573934837,0.4999978286446879
0.1731879699248121,0.500002628659854,-0.07681203007518794,0.499997371340146
0.1756942355889725,0.5000031963159169,-0.07430576441102754,0.4999968036840831
0.1782005012531328,0.5000039029464166,-0.07179949874686717,0.4999960970535834
0.1807067669172932,0.5000047849459055,-0.06929323308270677,0.4999952150540945
0.1832130325814536,0.5000058886435458,-0.06678696741854637,0.4999941113564542
0.185719298245614,0.5000072730720249,-0.06428070175438597,0.4999927269279751
0.1882255639097744,0.5000090135100103,-0.06177443609022557,0.4999909864899897
0.1907318295739349,0.5000112060104266,-0.05926817042606514,0.4999887939895734
0.1932380952380953,0.5000139731825919,-0.05676190476190474,0.4999860268174081
0.1957443609022557,0.5000174715654621,-0.05425563909774433,0.4999825284345379
0.1982506265664161,0.5000219010146227,-0.05174937343358393,0.4999780989853773
0.2007568922305764,0.5000275166303372,-0.04924310776942356,0.4999724833696628
0.2032631578947368,0.5000346438812656,-0.04673684210526316,0.4999653561187344
0.2057694235588972,0.5000436977320099,-0.04423057644110276,0.4999563022679901
0.2082756892230577,0.5000552067659992,-0.04172431077694233,0.4999447932340008
0.2107819548872181,0.5000698435117582,-0.03921804511278193,0.4999301564882418
0.2132882205513785,0.5000884624329782,-0.03671177944862153,0.4999115375670218
0.2157944862155389,0.5001121473324966,-0.03420551378446113,0.4998878526675034
0.2183007518796993,0.5001422702467119,-0.03169924812030073,0.4998577297532881
0.2208070175438596,0.5001805642665674,-0.02919298245614035,0.4998194357334326
0.22331328320802,0.5002292131061632,-0.02668671679197995,0.4997707868938368
0.2258195488721804,0.5002909606366173,-0.02418045112781955,0.4997090393633827
0.2283258145363408,0.5003692439896841,-0.02167418546365915,0.4996307560103159
0.2308320802005013,0.5004683541818714,-0.01916791979949872,0.4995316458181286
0.2333383458646617,0.5005936284726413,-0.01666165413533832,0.4994063715273587
0.2358446115288221,0.5007516787931867,-0.01415538847117795,0.4992483212068133
0.2383508771929825,0.5009506604931646,-0.01164912280701755,0.4990493395068354
0.2408571428571429,0.5012005852630798,-0.009142857142857147,0.4987994147369202
0.2433634085213033,0.5015136812948569,-0.006636591478696746,0.4984863187051431
0.2458696741854637,0.5019048024233501,-0.004130325814536345,0.4980951975766499
0.2483759398496241,0.5023918860180338,-0.001624060150375917,0.4976081139819662
0.2508822055137845,0.502996456635598,0.0008822055137844842,0.497003543364402
0.2533884711779449,0.5037441687784586,0.003388471177944885,0.4962558312215414
0.2558947368421053,0.5046653774340437,0.005894736842105286,0.4953346225659563
0.2584010025062656,0.5057957193430528,0.008401002506265631,0.4942042806569472
0.2609072681704261,0.5071766811792573,0.01090726817042609,0.4928233188207427
0.2634135338345864,0.5088561231336324,0.01341353383458643,0.4911438768663676
0.2659197994987469,0.510888718022723,0.01591979949874689,0.489111281977277
0.2684260651629072,0.5133362573796751,0.01842606516290723,0.4866637426203249
0.2709323308270677,0.5162677676060197,0.02093233082706769,0.4837322323939803
0.273438596491228,0.519759371918943,0.02343859649122804,0.4802406280810571
0.2759448621553885,0.5238938284591307,0.02594486215538849,0.4761061715408693
0.2784511278195488,0.5287596726183659,0.02845112781954884,0.4712403273816341
0.2809573934837093,0.5344498935923615,0.03095739348370929,0.4655501064076385
0.2834636591478697,0.5410600825638239,0.0334636591478697,0.4589399174361761
0.2859699248120301,0.5486860038695832,0.0359699248120301,0.4513139961304168
0.2884761904761905,0.5574205618491382,0.0384761904761905,0.4425794381508618
0.2909824561403509,0.5673501652391028,0.0409824561403509,0.4326498347608972
0.2934887218045113,0.5785505278098062,0.0434887218045113,0.4214494721901938
0.2959949874686717,0.591081987531845,0.0459949874686717,0.408918012468155
0.2985012531328321,0.6049844751410208,0.0485012531328321,0.3950155248589792
0.3010075187969925,0.6202723138471345,0.0510075187969925,0.3797276861528655
0.3035137844611528,0.6369290815245893,0.05351378446115285,0.3630709184754107
0.3060200501253133,0.6549028107051013,0.0560200501253133,0.3450971892948987
0.3085263157894736,0.6741018352600059,0.05852631578947365,0.3258981647399941
0.3110325814536341,0.6943916109110604,0.0610325814536341,0.3056083890889396
0.3135388471177945,0.7155928351311787,0.06353884711779445,0.2844071648688213
0.3160451127819549,0.7374811670093803,0.0660451127819549,0.2625188329906197
0.3185513784461153,0.7597887971600067,0.06855137844611531,0.2402112028399933
0.3210576441102757,0.7822080416314651,0.07105764411027571,0.2177919583685349
0.3235639097744361,0.804397034220861,0.07356390977443611,0.195602965779139
0.3260701754385965,0.825987473317619,0.07607017543859651,0.174012526682381
0.3285764411027569,0.8465942494512959,0.07857644110275691,0.1534057505487041
0.3310827067669173,0.8658266471682501,0.08108270676691731,0.1341733528317499
0.3335889724310777,0.8833006900977051,0.08358897243107771,0.1166993099022949
0.3360952380952381,0.898652091907493,0.08609523809523811,0.101347908092507
0.3386015037593985,0.9115491984905236,0.08860150375939851,0.08845080150947637
0.3411077694235589,0.9217052666536948,0.09110776942355892,0.07829473334630521
0.3436140350877193,0.9288894275857273,0.09361403508771926,0.07111057241427265
0.3461203007518797,0.9329357317621969,0.09612030075187972,0.06706426823780309
0.3486265664160401,0.9337497640818757,0.09862656641604006,0.06625023591812429
0.3511328320802005,0.9313124483312429,0.1011328320802005,0.06868755166875706
0.3536390977443609,0.9256808193870982,0.1036390977443609,0.07431918061290177
0.3561453634085213,0.9169857179627454,0.1061453634085213,0.08301428203725458
0.3586516290726817,0.9054265426005084,0.1086516290726817,0.09457345739949163
0.3611578947368421,0.8912633630911153,0.1111578947368421,0.1087366369088847
0.3636641604010026,0.8748068456491782,0.1136641604010026,0.1251931543508218
0.3661704260651629,0.8564065523290116,0.1161704260651629,0.1435934476709884
0.3686766917293234,0.8364382478786799,0.1186766917293234,0.1635617521213201
0.3711829573934837,0.8152908728750206,0.1211829573934837,0.1847091271249794
0.3736892230576441,0.7933538229298769,0.1236892230576441,0.2066461770701231
0.3761954887218045,0.7710051141300485,0.1261954887218045,0.2289948858699515
0.3787017543859649,0.7486009219207493,0.1287017543859649,0.2513990780792507
0.3812080200501253,0.7264668638411379,0.1312080200501253,0.2735331361588621
0.3837142857142857,0.7048912665144127,0.1337142857142857,0.2951087334855873
0.3862205513784461,0.6841205248114379,0.1362205513784461,0.3158794751885621
0.3887268170426065,0.6643565359705792,0.1387268170426065,0.3356434640294208
0.3912330827067669,0.6457560817996882,0.1412330827067669,0.3542439182003118
0.3937393483709273,0.6284319438191166,0.1437393483709273,0.3715680561808834
0.3962456140350877,0.6124554727712165,0.1462456140350877,0.3875445272287835
0.3987518796992482,0.5978602963301846,0.1487518796992482,0.4021397036698154
0.4012581453634085,0.5846468359312356,0.1512581453634085,0.4153531640687644
0.403764411027569,0.5727873124940892,0.153764411027569,0.4272126875059108
0.4062706766917293,0.5622309473256841,0.1562706766917293,0.4377690526743159
0.4087769423558898,0.5529091038787021,0.1587769423558898,0.4470908961212979
0.4112832080200501,0.5447401634082218,0.1612832080200501,0.4552598365917782
0.4137894736842105,0.537633978302503,0.1637894736842105,0.462366021697497
0.4162957393483709,0.5314957969868358,0.1662957393483709,0.4685042030131642
0.4188020050125313,0.5262296006640663,0.1688020050125313,0.4737703993359337
0.4213082706766917,0.5217408325320884,0.1713082706766917,0.4782591674679116
0.4238145363408522,0.5179385331811508,0.1738145363408522,0.4820614668188492
0.4263208020050125,0.5147369211083166,0.1763208020050125,0.4852630788916834
0.4288270676691729,0.5120564748489064,0.1788270676691729,0.4879435251510936
0.4313333333333333,0.5098245837738908,0.1813333333333333,0.4901754162261092
0.4338395989974938,0.5079758391284221,0.1838395989974938,0.4920241608715779
0.4363458646616541,0.5064520365551589,0.1863458646616541,0.4935479634448411
0.4388521303258145,0.505201957364221,0.1888521303258145,0.494798042635779
0.4413583959899749,0.5041809893274932,0.1913583959899749,0.4958190106725068
0.4438646616541354,0.5033506398070061,0.1938646616541354,0.4966493601929939
0.4463709273182958,0.5026779854234612,0.1963709273182958,0.4973220145765388
0.4488771929824561,0.5021350938939322,0.1988771929824561,0.4978649061060678
0.4513834586466166,0.5016984455973164,0.2013834586466166,0.4983015544026836
0.453889724310777,0.5013483751768381,0.203889724310777,0.4986516248231619
0.4563959899749374,0.5010685472351665,0.2063959899749374,0.4989314527648335
0.4589022556390977,0.5008454749820733,0.2089022556390977,0.4991545250179267
0.4614085213032582,0.5006680865364903,0.2114085213032582,0.4993319134635097
0.4639147869674185,0.5005273403868397,0.2139147869674185,0.4994726596131603
0.466421052631579,0.5004158891636625,0.216421052631579,0.4995841108363375
0.4689273182957394,0.5003277892484125,0.2189273182957394,0.4996722107515875
0.4714335839598998,0.5002582527004652,0.2214335839598998,0.4997417472995348
0.4739398496240601,0.500203437406046,0.2239398496240601,0.499796562593954
0.4764461152882206,0.5001602711254971,0.2264461152882206,0.4998397288745029
0.478952380952381,0.5001263051422248,0.228952380952381,0.4998736948577752
0.4814586466165414,0.5000995934175535,0.2314586466165414,0.4999004065824465
0.4839649122807017,0.5000785934664103,0.2339649122807017,0.4999214065335897
0.4864711779448622,0.5000620855398794,0.2364711779448622,0.4999379144601206
0.4889774436090226,0.5000491070956112,0.2389774436090226,0.4999508929043888
0.491483709273183,0.5000388999299575,0.241483709273183,0.4999611000700425
0.4939899749373433,0.5000308677192725,0.2439899749373433,0.4999691322807275
0.4964962406015038,0.5000245420615219,0.2464962406015038,0.4999754579384781
0.4990025062656642,0.50001955541762,0.2490025062656642,0.49998044458238
0.5015087719298246,0.5000156196228736,0.2515087719298246,0.4999843803771264
0.504015037593985,0.5000125088730885,0.254015037593985,0.4999874911269115
0.5065213032581454,0.5000100462894527,0.2565213032581454,0.4999899537105473
0.5090275689223057,0.5000080933343137,0.2590275689223057,0.4999919066656863
0.5115338345864662,0.5000065414899428,0.2615338345864662,0.4999934585100572
0.5140401002506266,0.5000053057279236,0.2640401002506266,0.4999946942720764
0.516546365914787,0.50000431939143,0.266546365914787,0.49999568060857
0.5190526315789473,0.500003530189595,0.2690526315789473,0.499996469810405
0.5215588972431078,0.5000028970653334,0.2715588972431078,0.4999971029346666
0.5240651629072682,0.5000023877479299,0.2740651629072682,0.4999976122520701
0.5265714285714286,0.5000019768416296,0.2765714285714286,0.4999980231583704
0.5290776942355889,0.50000164433325,0.2790776942355889,0.49999835566675
0.5315839598997494,0.5000013744270307,0.2815839598997494,0.4999986255729693
0.5340902255639098,0.5000011546348389,0.2840902255639098,0.4999988453651611
0.5365964912280702,0.5000009750655359,0.2865964912280702,0.4999990249344641
0.5391027568922306,0.5000008278696205,0.2891027568922306,0.4999991721303795
0.541609022556391,0.5000007068049261,0.291609022556391,0.4999992931950739
0.5441152882205513,0.5000006068966956,0.2941152882205513,0.4999993931033044
0.5466215538847118,0.5000005241712606,0.2966215538847118,0.4999994758287394
0.5491278195488722,0.5000004554471491,0.2991278195488722,0.4999995445528509
0.5516340852130326,0.5000003981710279,0.3016340852130326,0.4999996018289721
0.5541403508771929,0.5000003502886796,0.3041403508771929,0.4999996497113204
0.5566466165413534,0.5000003101433796,0.3066466165413534,0.4999996898566204
0.5591528822055138,0.5000002763957281,0.3091528822055138,0.4999997236042719
0.5616591478696742,0.5000002479603032,0.3116591478696742,0.4999997520396968
0.5641654135338345,0.5000002239555225,0.3141654135338345,0.4999997760444775
0.566671679197995,0.5000002036638914,0.316671679197995,0.4999997963361086
0.5691779448621554,0.5000001865004372,0.3191779448621554,0.4999998134995628
0.5716842105263158,0.5000001719876046,0.3216842105263158,0.4999998280123954
0.5741904761904761,0.5000001597352677,0.3241904761904761,0.4999998402647323
0.5766967418546366,0.500000149424801,0.3266967418546366,0.499999850575199
0.579203007518797,0.5000001407963857,0.3292030075187971,0.4999998592036143
0.5817092731829574,0.5000001336389007,0.3317092731829574,0.4999998663610993
0.5842155388471179,0.5000001277818951,0.3342155388471179,0.4999998722181049
0.5867218045112782,0.500000123089243,0.3367218045112782,0.499999876910757
0.5892280701754385,0.5000001194541768,0.3392280701754385,0.4999998805458232
0.591734335839599,0.5000001167954579,0.341734335839599,0.4999998832045421
0.5942406015037595,0.5000001150545076,0.3442406015037595,0.4999998849454924
0.5967468671679198,0.5000001141933628,0.3467468671679198,0.4999998858066372
0.5992531328320801,0.5000001141933628,0.3492531328320801,0.4999998858066372
0.6017593984962406,0.5000001150545076,0.3517593984962406,0.4999998849454924
0.604265664160401,0.5000001167954579,0.354265664160401,0.4999998832045421
0.6067719298245614,0.5000001194541768,0.3567719298245614,0.4999998805458232
0.6092781954887218,0.500000123089243,0.3592781954887218,0.499999876910757
0.6117844611528822,0.5000001277818951,0.3617844611528822,0.4999998722181049
0.6142907268170426,0.5000001336389007,0.3642907268170426,0.4999998663610993
0.616796992481203,0.5000001407963857,0.366796992481203,0.4999998592036143
0.6193032581453634,0.500000149424801,0.3693032581453634,0.499999850575199
0.6218095238095238,0.5000001597352677,0.3718095238095238,0.4999998402647323
0.6243157894736842,0.5000001719876046,0.3743157894736842,0.4999998280123954
0.6268220551378446,0.5000001865004372,0.3768220551378446,0.4999998134995628
0.6293283208020051,0.5000002036638914,0.3793283208020051,0.4999997963361086
0.6318345864661654,0.5000002239555225,0.3818345864661654,0.4999997760444775
0.6343408521303258,0.5000002479603032,0.3843408521303258,0.4999997520396968
0.6368471177944862,0.5000002763957281,0.3868471177944862,0.4999997236042719
0.6393533834586467,0.5000003101433796,0.3893533834586467,0.4999996898566204
0.641859649122807,0.5000003502886796,0.391859649122807,0.4999996497113204
0.6443659147869674,0.5000003981710279,0.3943659147869674,0.4999996018289721
0.6468721804511278,0.5000004554471491,0.3968721804511278,0.4999995445528509
0.6493784461152882,0.5000005241712606,0.3993784461152882,0.4999994758287394
0.6518847117794486,0.5000006068966956,0.4018847117794486,0.4999993931033044
0.654390977443609,0.5000007068049261,0.404390977443609,0.4999992931950739
0.6568972431077694,0.5000008278696205,0.4068972431077694,0.4999991721303795
0.6594035087719298,0.5000009750655359,0.4094035087719298,0.4999990249344641
0.6619097744360902,0.5000011546348389,0.4119097744360902,0.4999988453651611
0.6644160401002507,0.5000013744270307,0.4144160401002507,0.4999986255729693
0.666922305764411,0.50000164433325,0.416922305764411,0.49999835566675
0.6694285714285714,0.5000019768416296,0.4194285714285714,0.4999980231583704
0.6719348370927318,0.5000023877479299,0.4219348370927318,0.4999976122520701
0.6744411027568923,0.5000028970653334,0.4244411027568923,0.4999971029346666
0.6769473684210526,0.500003530189595,0.4269473684210526,0.499996469810405
0.679453634085213,0.50000431939143,0.429453634085213,0.49999568060857
0.6819598997493734,0.5000053057279236,0.4319598997493734,0.4999946942720764
0.6844661654135338,0.5000065414899428,0.4344661654135338,0.4999934585100572
0.6869724310776942,0.5000080933343137,0.4369724310776942,0.4999919066656863
0.6894786967418546,0.5000100462894527,0.4394786967418546,0.4999899537105473
0.691984962406015,0.5000125088730885,0.441984962406015,0.4999874911269115
0.6944912280701754,0.5000156196228736,0.4444912280701754,0.4999843803771264
0.6969974937343358,0.50001955541762,0.4469974937343358,0.49998044458238
0.6995037593984963,0.5000245420615219,0.4495037593984963,0.4999754579384781
0.7020100250626566,0.5000308677192725,0.4520100250626566,0.4999691322807275
0.704516290726817,0.5000388999299575,0.454516290726817,0.4999611000700425
0.7070225563909774,0.5000491070956112,0.4570225563909774,0.4999508929043888
0.7095288220551379,0.5000620855398794,0.4595288220551379,0.4999379144601206
0.7120350877192982,0.5000785934664103,0.4620350877192982,0.4999214065335897
0.7145413533834586,0.5000995934175535,0.4645413533834586,0.4999004065824465
0.717047619047619,0.5001263051422248,0.467047619047619,0.4998736948577752
0.7195538847117795,0.5001602711254971,0.4695538847117795,0.4998397288745029
0.7220601503759398,0.500203437406046,0.4720601503759398,0.499796562593954
0.7245664160401002,0.5002582527004652,0.4745664160401002,0.4997417472995348
0.7270726817042606,0.5003277892484125,0.4770726817042606,0.4996722107515875
0.729578947368421,0.5004158891636625,0.479578947368421,0.4995841108363375
0.7320852130325814,0.5005273403868397,0.4820852130325814,0.4994726596131603
0.7345914786967418,0.5006680865364903,0.4845914786967418,0.4993319134635097
0.7370977443609023,0.5008454749820733,0.4870977443609023,0.4991545250179267
0.7396040100250626,0.5010685472351665,0.4896040100250626,0.4989314527648335
0.742110275689223,0.5013483751768381,0.4921102756892231,0.4986516248231619
0.7446165413533834,0.5016984455973164,0.4946165413533834,0.4983015544026836
0.7471228070175437,0.5021350938939322,0.4971228070175437,0.4978649061060678
0.7496290726817043,0.5026779854234612,0.4996290726817043,0.4973220145765388
0.7521353383458647,0.5033506398070061,0.5021353383458647,0.4966493601929939
0.7546416040100251,0.5041809893274932,0.5046416040100251,0.4958190106725068
0.7571478696741855,0.505201957364221,0.5071478696741855,0.494798042635779
0.7596541353383458,0.5064520365551589,0.5096541353383458,0.4935479634448411
0.7621604010025063,0.507975839128422,0.5121604010025063,0.492024160871578
0.7646666666666666,0.5098245837738907,0.5146666666666666,0.4901754162261093
0.7671729323308272,0.5120564748489064,0.5171729323308272,0.4879435251510936
0.7696791979949875,0.5147369211083166,0.5196791979949875,0.4852630788916834
0.7721854636591479,0.5179385331811509,0.5221854636591479,0.4820614668188491
0.7746917293233082,0.5217408325320884,0.5246917293233082,0.4782591674679116
0.7771979949874687,0.5262296006640662,0.5271979949874687,0.4737703993359338
0.779704260651629,0.5314957969868357,0.529704260651629,0.4685042030131643
0.7822105263157894,0.5376339783025028,0.5322105263157894,0.4623660216974972
0.7847167919799499,0.544740163408222,0.5347167919799499,0.455259836591778
0.7872230576441103,0.5529091038787021,0.5372230576441103,0.4470908961212979
0.7897293233082707,0.5622309473256841,0.5397293233082707,0.4377690526743159
0.7922355889724311,0.5727873124940892,0.5422355889724311,0.4272126875059108
0.7947418546365914,0.5846468359312353,0.5447418546365914,0.4153531640687647
0.7972481203007519,0.5978602963301843,0.5472481203007519,0.4021397036698157
0.7997543859649122,0.612455472771216,0.5497543859649122,0.387544527228784
0.8022606516290728,0.6284319438191169,0.5522606516290728,0.3715680561808831
0.8047669172932331,0.6457560817996884,0.5547669172932331,0.3542439182003116
0.8072731829573935,0.6643565359705792,0.5572731829573935,0.3356434640294208
0.8097794486215539,0.6841205248114378,0.5597794486215539,0.3158794751885622
0.8122857142857143,0.7048912665144124,0.5622857142857143,0.2951087334855876
0.8147919799498746,0.7264668638411376,0.5647919799498746,0.2735331361588624
0.8172982456140351,0.7486009219207486,0.5672982456140351,0.2513990780792514
0.8198045112781954,0.7710051141300475,0.5698045112781954,0.2289948858699525
0.8223107769423559,0.7933538229298772,0.5723107769423559,0.2066461770701228
0.8248170426065163,0.8152908728750206,0.5748170426065163,0.1847091271249794
0.8273233082706767,0.8364382478786799,0.5773233082706767,0.1635617521213201
0.829829573934837,0.8564065523290113,0.579829573934837,0.1435934476709887
0.8323358395989975,0.874806845649178,0.5823358395989975,0.125193154350822
0.8348421052631578,0.8912633630911149,0.5848421052631578,0.1087366369088851
0.8373483709273182,0.9054265426005077,0.5873483709273182,0.0945734573994923
0.8398546365914787,0.9169857179627454,0.5898546365914787,0.08301428203725458
0.8423609022556391,0.9256808193870982,0.5923609022556391,0.07431918061290177
0.8448671679197995,0.9313124483312429,0.5948671679197995,0.06868755166875706
0.8473734335839599,0.9337497640818757,0.5973734335839599,0.06625023591812429
0.8498796992481202,0.9329357317621969,0.5998796992481202,0.06706426823780309
0.8523859649122807,0.9288894275857276,0.6023859649122807,0.07111057241427243
0.854892230576441,0.9217052666536951,0.604892230576441,0.07829473334630488
0.8573984962406015,0.9115491984905235,0.6073984962406015,0.08845080150947648
0.859904761904762,0.8986520919074931,0.609904761904762,0.1013479080925069
0.8624110275689223,0.8833006900977051,0.6124110275689223,0.1166993099022949
0.8649172932330826,0.8658266471682503,0.6149172932330826,0.1341733528317497
0.8674235588972431,0.8465942494512962,0.6174235588972431,0.1534057505487038
0.8699298245614034,0.8259874733176196,0.6199298245614034,0.1740125266823804
0.8724360902255638,0.8043970342208616,0.6224360902255638,0.1956029657791384
0.8749423558897244,0.7822080416314647,0.6249423558897244,0.2177919583685353
0.8774486215538847,0.7597887971600064,0.6274486215538847,0.2402112028399936
0.8799548872180452,0.7374811670093804,0.6299548872180452,0.2625188329906196
0.8824611528822055,0.7155928351311789,0.6324611528822055,0.2844071648688211
0.8849674185463658,0.6943916109110608,0.6349674185463658,0.3056083890889392
0.8874736842105263,0.6741018352600064,0.6374736842105263,0.3258981647399936
0.8899799498746866,0.6549028107051018,0.6399799498746866,0.3450971892948982
0.8924862155388472,0.636929081524589,0.6424862155388472,0.363070918475411
0.8949924812030076,0.6202723138471343,0.6449924812030076,0.3797276861528657
0.8974987468671679,0.6049844751410208,0.6474987468671679,0.3950155248589792
0.9000050125313284,0.5910819875318452,0.6500050125313284,0.4089180124681548
0.9025112781954887,0.5785505278098064,0.6525112781954887,0.4214494721901936
0.905017543859649,0.5673501652391031,0.655017543859649,0.4326498347608969
0.9075238095238094,0.5574205618491385,0.6575238095238094,0.4425794381508615
0.91003007518797,0.5486860038695831,0.66003007518797,0.4513139961304169
0.9125363408521303,0.5410600825638237,0.6625363408521303,0.4589399174361763
0.9150426065162908,0.5344498935923615,0.6650426065162908,0.4655501064076385
0.9175488721804511,0.528759672618366,0.6675488721804511,0.471240327381634
0.9200551378446115,0.5238938284591308,0.6700551378446115,0.4761061715408692
0.9225614035087719,0.5197593719189431,0.6725614035087719,0.4802406280810569
0.9250676691729323,0.5162677676060198,0.6750676691729323,0.4837322323939802
0.9275739348370928,0.5133362573796751,0.6775739348370928,0.4866637426203249
0.9300802005012532,0.510888718022723,0.6800802005012532,0.489111281977277
0.9325864661654135,0.5088561231336324,0.6825864661654135,0.4911438768663676
0.935092731829574,0.5071766811792573,0.685092731829574,0.4928233188207427
0.9375989974937343,0.5057957193430529,0.6875989974937343,0.4942042806569471
0.9401052631578947,0.5046653774340437,0.6901052631578947,0.4953346225659563
0.9426115288220551,0.5037441687784586,0.6926115288220551,0.4962558312215414
0.9451177944862156,0.502996456635598,0.6951177944862156,0.497003543364402
0.9476240601503759,0.5023918860180338,0.6976240601503759,0.4976081139819662
0.9501303258145364,0.5019048024233501,0.7001303258145364,0.4980951975766499
0.9526365914786967,0.5015136812948569,0.7026365914786967,0.4984863187051431
0.9551428571428571,0.5012005852630798,0.7051428571428571,0.4987994147369202
0.9576491228070175,0.5009506604931646,0.7076491228070175,0.4990493395068354
0.9601553884711779,0.5007516787931867,0.7101553884711779,0.4992483212068133
0.9626616541353384,0.5005936284726413,0.7126616541353384,0.4994063715273587
0.9651679197994988,0.5004683541818714,0.7151679197994988,0.4995316458181286
0.9676741854636591,0.5003692439896841,0.7176741854636591,0.4996307560103159
0.9701804511278196,0.5002909606366173,0.7201804511278196,0.4997090393633827
0.9726867167919799,0.5002292131061632,0.7226867167919799,0.4997707868938368
0.9751929824561403,0.5001805642665674,0.7251929824561403,0.4998194357334326
0.9776992481203007,0.5001422702467119,0.7276992481203007,0.4998577297532881
0.9802055137844612,0.5001121473324966,0.7302055137844612,0.4998878526675034
0.9827117794486216,0.5000884624329782,0.7327117794486216,0.4999115375670218
0.985218045112782,0.5000698435117582,0.735218045112782,0.4999301564882418
0.9877243107769423,0.5000552067659992,0.7377243107769423,0.4999447932340008
0.9902305764411027,0.5000436977320099,0.7402305764411027,0.4999563022679901
0.9927368421052631,0.5000346438812656,0.7427368421052631,0.4999653561187344
0.9952431077694235,0.5000275166303372,0.7452431077694235,0.4999724833696628
0.9977493734335838,0.5000219010146227,0.7477493734335838,0.4999780989853773
1.000255639097744,0.5000174715654621,0.7502556390977444,0.4999825284345379
1.002761904761905,0.5000139731825919,0.7527619047619047,0.4999860268174081
1.005268170426065,0.5000112060104266,0.7552681704260653,0.4999887939895734
1.007774436090226,0.5000090135100103,0.7577744360902257,0.4999909864899897
1.010280701754386,0.5000072730720249,0.760280701754386,0.4999927269279751
1.012786967418546,0.5000058886435458,0.7627869674185463,0.4999941113564542
1.015293233082707,0.5000047849459055,0.7652932330827067,0.4999952150540945
1.017799498746867,0.5000039029464166,0.7677994987468673,0.4999960970535834
1.020305764411028,0.5000031963159169,0.7703057644110276,0.4999968036840831
1.022812030075188,0.500002628659854,0.772812030075188,0.499997371340146
1.025318295739349,0.5000021713553121,0.7753182957393485,0.4999978286446879
1.027824561403509,0.500001801862024,0.7778245614035089,0.499998198137976
1.030330827067669,0.5000015024037197,0.7803308270676692,0.4999984975962803
1.03283709273183,0.500001258938571,0.7828370927318296,0.4999987410614291
1.03534335839599,0.5000010603551627,0.7853433583959901,0.4999989396448373
1.03784962406015,0.500000897844324,0.7878496240601505,0.499999102155676
1.040355889724311,0.5000007644080614,0.7903558897243108,0.4999992355919386
1.042862155388471,0.5000006544753758,0.7928621553884712,0.4999993455246242
1.045368421052632,0.5000005636014228,0.7953684210526315,0.4999994363985772
1.047874686716792,0.5000004882316824,0.7978746867167921,0.4999995117683176
1.050380952380952,0.5000004255168677,0.8003809523809524,0.4999995744831323
1.052887218045113,0.5000003731674619,0.802887218045113,0.4999996268325381
1.055393483709273,0.5000003293392337,0.8053934837092733,0.4999996706607663
1.057899749373434,0.5000002925429948,0.8078997493734337,0.4999997074570052
1.060406015037594,0.5000002615733531,0.810406015037594,0.4999997384266469
1.062912280701754,0.5000002354523663,0.8129122807017544,0.4999997645476337
1.065418546365915,0.5000002133849079,0.8154185463659147,0.4999997866150921
1.067924812030075,0.5000001947232506,0.8179248120300753,0.4999998052767494
1.070431077694236,0.500000178938921,0.8204310776942356,0.499999821061079
1.072937343358396,0.5000001656003012,0.8229373433583962,0.4999998343996988
1.075443609022557,0.5000001543547878,0.8254436090225565,0.4999998456452122
1.077949874686717,0.5000001449145702,0.8279498746867169,0.4999998550854298
1.080456140350877,0.5000001370453016,0.8304561403508772,0.4999998629546984
1.082962406015038,0.500000130557086,0.8329624060150376,0.499999869442914
1.085468671679198,0.500000125297336,0.8354686716791979,0.499999874702664
1.087974937343358,0.5000001211451495,0.8379749373433585,0.4999998788548505
1.090481203007519,0.5000001180069384,0.8404812030075188,0.4999998819930616
1.092987468671679,0.5000001158130987,0.8429874686716792,0.4999998841869013
1.09549373433584,0.5000001145155675,0.8454937343358397,0.4999998854844325
1.098,0.5000001140861539,0.8480000000000001,0.4999998859138461
