t_sqz_us,$\Delta$ = 50 kHz,$\Delta$ = 100 kHz,eta^2
0,0,0,0
10.1010101010101,0.02829262601351268,0.013931224973162,0.01030262925689081
20.2020202020202,0.05658525202702536,0.027862449946324,0.02060525851378161
30.3030303030303,0.08487787804053805,0.041793674919486,0.03090788777067242
40.4040404040404,0.1131705040540507,0.055724899892648,0.04121051702756322
50.50505050505051,0.1414631300675634,0.06965612486580999,0.05151314628445403
60.6060606060606,0.1697557560810761,0.083587349838972,0.06181577554134483
70.7070707070707,0.1980483820945888,0.09751857481213398,0.07211840479823564
80.8080808080808,0.2263410081081015,0.111449799785296,0.08242103405512645
90.9090909090909,0.2546336341216142,0.125381024758458,0.09272366331201726
101.010101010101,0.2829262601351268,0.13931224973162,0.1030262925689081
111.1111111111111,0.3112188861486395,0.153243474704782,0.1133289218257989
121.2121212121212,0.3395115121621522,0.167174699677944,0.1236315510826897
131.3131313131313,0.3678041381756649,0.181105924651106,0.1339341803395805
141.4141414141414,0.3960967641891776,0.195037149624268,0.1442368095964713
151.5151515151515,0.4243893902026902,0.20896837459743,0.1545394388533621
161.6161616161616,0.4526820162162029,0.222899599570592,0.1648420681102529
171.7171717171717,0.4809746422297156,0.236830824543754,0.1751446973671437
181.8181818181818,0.5092672682432283,0.250762049516916,0.1854473266240345
191.9191919191919,0.537559894256741,0.264693274490078,0.1957499558809253
202.020202020202,0.5658525202702537,0.27862449946324,0.2060525851378161
212.1212121212121,0.5941451462837664,0.292555724436402,0.2163552143947069
222.2222222222222,0.622437772297279,0.3064869494095639,0.2266578436515977
232.3232323232323,0.6507303983107917,0.320418174382726,0.2369604729084885
242.4242424242424,0.6790230243243044,0.334349399355888,0.2472631021653793
252.5252525252525,0.7073156503378171,0.34828062432905,0.2575657314222701
262.6262626262626,0.7356082763513297,0.362211849302212,0.2678683606791609
272.7272727272727,0.7639009023648424,0.376143074275374,0.2781709899360518
282.8282828282828,0.7921935283783551,0.3900742992485359,0.2884736191929426
292.9292929292929,0.8204861543918678,0.4040055242216979,0.2987762484498334
303.030303030303,0.8487787804053805,0.41793674919486,0.3090788777067242
313.1313131313131,0.8770714064188931,0.431867974168022,0.319381506963615
323.2323232323232,0.9053640324324058,0.445799199141184,0.3296841362205058
333.3333333333333,0.9336566584459185,0.4597304241143459,0.3399867654773966
343.4343434343434,0.9619492844594313,0.473661649087508,0.3502893947342874
353.5353535353535,0.990241910472944,0.48759287406067,0.3605920239911782
363.6363636363636,1.018534536486457,0.501524099033832,0.370894653248069
373.7373737373737,1.046827162499969,0.515455324006994,0.3811972825049598
383.8383838383838,1.075119788513482,0.529386548980156,0.3914999117618507
393.9393939393939,1.103412414526995,0.543317773953318,0.4018025410187415
404.040404040404,1.131705040540507,0.5572489989264799,0.4121051702756323
414.1414141414141,1.15999766655402,0.571180223899642,0.422407799532523
424.2424242424242,1.188290292567533,0.585111448872804,0.4327104287894138
434.3434343434343,1.216582918581045,0.5990426738459659,0.4430130580463046
444.4444444444444,1.244875544594558,0.6129738988191279,0.4533156873031954
454.5454545454545,1.273168170608071,0.6269051237922899,0.4636183165600863
464.6464646464646,1.301460796621583,0.6408363487654519,0.4739209458169771
474.7474747474747,1.329753422635096,0.6547675737386139,0.4842235750738679
484.8484848484848,1.358046048648609,0.668698798711776,0.4945262043307587
494.9494949494949,1.386338674662122,0.682630023684938,0.5048288335876495
505.050505050505,1.414631300675634,0.6965612486581,0.5151314628445403
515.1515151515151,1.442923926689147,0.710492473631262,0.5254340921014311
525.2525252525252,1.471216552702659,0.7244236986044239,0.5357367213583218
535.3535353535353,1.499509178716172,0.7383549235775859,0.5460393506152127
545.4545454545454,1.527801804729685,0.7522861485507479,0.5563419798721035
555.5555555555555,1.556094430743198,0.76621737352391,0.5666446091289944
565.6565656565656,1.58438705675671,0.7801485984970719,0.5769472383858851
575.7575757575758,1.612679682770223,0.794079823470234,0.587249867642776
585.8585858585858,1.640972308783736,0.8080110484433959,0.5975524968996667
595.959595959596,1.669264934797248,0.821942273416558,0.6078551261565576
606.060606060606,1.697557560810761,0.8358734983897199,0.6181577554134483
616.1616161616162,1.725850186824274,0.849804723362882,0.6284603846703393
626.2626262626262,1.754142812837786,0.863735948336044,0.63876301392723
636.3636363636364,1.782435438851299,0.877667173309206,0.6490656431841209
646.4646464646464,1.810728064864812,0.891598398282368,0.6593682724410116
656.5656565656565,1.839020690878324,0.9055296232555299,0.6696709016979023
666.6666666666666,1.867313316891837,0.9194608482286919,0.6799735309547932
676.7676767676767,1.89560594290535,0.9333920732018539,0.6902761602116839
686.8686868686868,1.923898568918863,0.9473232981750159,0.7005787894685749
696.9696969696969,1.952191194932375,0.9612545231481778,0.7108814187254656
707.070707070707,1.980483820945888,0.97518574812134,0.7211840479823565
717.1717171717171,2.0087764469594,0.9891169730945019,0.7314866772392472
727.2727272727273,2.037069072972913,1.003048198067664,0.7417893064961381
737.3737373737373,2.065361698986426,1.016979423040826,0.7520919357530288
747.4747474747475,2.093654324999939,1.030910648013988,0.7623945650099196
757.5757575757575,2.121946951013451,1.04484187298715,0.7726971942668104
767.6767676767677,2.150239577026964,1.058773097960312,0.7829998235237013
777.7777777777777,2.178532203040477,1.072704322933474,0.7933024527805921
787.8787878787879,2.20682482905399,1.086635547906636,0.8036050820374829
797.9797979797979,2.235117455067502,1.100566772879798,0.8139077112943737
808.0808080808081,2.263410081081015,1.11449799785296,0.8242103405512645
818.1818181818181,2.291702707094527,1.128429222826122,0.8345129698081553
828.2828282828282,2.31999533310804,1.142360447799284,0.844815599065046
838.3838383838383,2.348287959121553,1.156291672772446,0.855118228321937
848.4848484848484,2.376580585135065,1.170222897745608,0.8654208575788277
858.5858585858585,2.404873211148578,1.18415412271877,0.8757234868357185
868.6868686868686,2.433165837162091,1.198085347691932,0.8860261160926093
878.7878787878788,2.461458463175604,1.212016572665094,0.8963287453495001
888.8888888888888,2.489751089189116,1.225947797638256,0.9066313746063909
898.989898989899,2.518043715202629,1.239879022611418,0.9169340038632817
909.090909090909,2.546336341216141,1.25381024758458,0.9272366331201726
919.1919191919192,2.574628967229654,1.267741472557742,0.9375392623770634
929.2929292929292,2.602921593243167,1.281672697530904,0.9478418916339542
939.3939393939394,2.63121421925668,1.295603922504066,0.958144520890845
949.4949494949494,2.659506845270192,1.309535147477228,0.9684471501477357
959.5959595959596,2.687799471283705,1.32346637245039,0.9787497794046266
969.6969696969696,2.716092097297218,1.337397597423552,0.9890524086615173
979.7979797979797,2.74438472331073,1.351328822396714,0.9993550379184082
989.8989898989898,2.772677349324243,1.365260047369876,1.009657667175299
1000,2.800969975337756,1.379191272343038,1.01996029643219
