epsilon,delta_em,pi_cosmo,G_eff_cosmo,F_temps_cosmo,omega_m_eff,H_ratio_z0,H_ratio_z05,H_ratio_z1,H_ratio_z2,DA_rec,DL_z0_5,DL_z1,f_sigma8_proxy_z0,f_sigma8_proxy_z05,f_sigma8_proxy_z1,first_peak_shift,chi_sn,chi_bao,chi_cmb,chi_growth,chi_total,passes_bbn,passes_cosmo,passes_all
-0.0076,-0.0076,0.0,1.0,1.0,0.315,1.0,1.0,1.0,1.0,10.38260259907672,2926.835983374479,6801.690289107283,0.5297498038588546,0.7606879137410921,0.8761225909176094,0.0,0.0,2222.2222222222226,5.535026856094648,32.86116290607792,2260.618411984395,True,False,False
-0.0076,-0.0076,0.01,1.000912,0.9993164675362053,0.31550293649952,1.0011402079123006,1.0011402079123004,1.0011402079123004,1.0011402079123006,10.370777756222363,2923.502582598171,6793.94378065286,0.5297944541798533,0.7607155160136152,0.8761379612781439,0.0006839999999999069,0.005778107036767573,2222.2308696518003,5.598191076293177,32.86563370384367,2260.700472538974,True,False,False
-0.0076,-0.0076,0.03,1.002736,0.9979522020813292,0.31650998849567996,1.0034218707844105,1.0034218707844103,1.0034218707844105,1.0034218707844105,10.347195831958766,2916.854882868426,6778.495154575573,0.5298837661123155,0.7607707235634203,0.8761687028081728,0.0020519999999999428,0.0520408874008959,2222.299752051397,5.732212915476184,32.874578549567,2260.958584403841,True,False,False
-0.0076,-0.0076,0.1,1.00912,0.9932064677605181,0.320047049952,1.0114207699492195,1.0114207699492195,1.0114207699492197,1.0114207699492195,10.26536423569589,2893.7867110652937,6724.886902855259,0.5301964764591255,0.7609639815415262,0.8762763066578506,0.006839999999999957,0.5797066054799821,2223.0722551951867,6.281898566798784,32.90591965697271,2262.8397800244384,True,False,False
-0.0075,-0.0075,0.0,1.0,1.0,0.315,1.0,1.0,1.0,1.0,10.38260259907672,2926.835983374479,6801.690289107283,0.5297498038588546,0.7606879137410921,0.8761225909176094,0.0,0.0,2222.2222222222226,5.535026856094648,32.86116290607792,2260.618411984395,True,False,False
-0.0075,-0.0075,0.01,1.0009,0.9993254553176606,0.3154963163625,1.001125202477224,1.0011252024772237,1.001125202477224,1.0011252024772237,10.370933199349695,2923.5464017209842,6794.045612154122,0.529793866651197,0.7607151528193163,0.8761377590348072,0.0006749999999999812,0.0056270249544470834,2222.2306437970383,5.597343311427563,32.865574870524284,2260.6991890039444,True,False,False
-0.0075,-0.0075,0.03,1.0027,0.9979790923380156,0.31649009726249994,1.0033768218853212,1.0033768218853212,1.003376821885321,1.0033768218853212,10.347660392999774,2916.985841744902,6778.799490631119,0.5298820032311676,0.7607696339019695,0.8761680960570143,0.0020249999999999435,0.050679671311927604,2222.297730909396,5.72946857961344,32.87440196463029,2260.9522811249512,True,False,False
-0.0075,-0.0075,0.1,1.009,0.9932952570151478,0.31998038624999997,1.0112702272698924,1.0112702272698926,1.0112702272698924,1.0112702272698924,10.266892388502768,2894.217494443598,6725.888002724736,0.5301905967435793,0.7609603484200749,0.8762742839072357,0.006750000000000034,0.5645245454001178,2223.0502399707275,6.270411934601077,32.90533004830677,2262.790506499036,True,False,False
-0.0074,-0.0074,0.0,1.0,1.0,0.315,1.0,1.0,1.0,1.0,10.38260259907672,2926.835983374479,6801.690289107283,0.5297498038588546,0.7606879137410921,0.8761225909176094,0.0,0.0,2222.2222222222226,5.535026856094648,32.86116290607792,2260.618411984395,True,False,False
-0.0074,-0.0074,0.01,1.000888,0.9993344432607882,0.31548969629352,1.001110197114123,1.001110197114123,1.001110197114123,1.001110197114123,10.371088646391184,2923.5902219471955,6794.147446219569,0.5297932791231923,0.7607147896251908,0.8761375567915173,0.0006660000000000554,0.005477945032030964,2222.2304209253125,5.596495990647555,32.865516037392474,2260.6979108983846,True,False,False
-0.0074,-0.0074,0.03,1.002664,0.9980059840438804,0.31647020664167996,1.0033317736335765,1.0033317736335767,1.0033317736335765,1.0033317736335767,10.34812498908115,2917.116810499196,6779.10384964177,0.5298802403558847,0.7607685442420793,0.8761674893062759,0.0019979999999999443,0.04933651353509484,2222.2957363118553,5.726728235453088,32.87422538138217,2260.946026442226,True,False,False
-0.0074,-0.0074,0.1,1.00888,0.9933840621461069,0.319913729352,1.0111196917663745,1.0111196917663743,1.0111196917663743,1.0111196917663745,10.26842092348023,2894.6483855550746,6726.889352955911,0.5301847170932372,0.7609567153159694,0.8762722611612899,0.00666000000000011,0.5495446443518868,2223.028508190582,6.258969462667696,32.904740458426346,2262.741762756028,True,False,False
-0.0073,-0.0073,0.0,1.0,1.0,0.315,1.0,1.0,1.0,1.0,10.38260259907672,2926.835983374479,6801.690289107283,0.5297498038588546,0.7606879137410921,0.8761225909176094,0.0,0.0,2222.2222222222226,5.535026856094648,32.86116290607792,2260.618411984395,True,False,False
-0.0073,-0.0073,0.01,1.000876,0.9993434313655929,0.31548307629258,1.0010951918229976,1.0010951918229978,1.0010951918229978,1.0010951918229976,10.371244097346999,2923.6340432768447,6794.249282849307,0.5297926915958391,0.7607144264312388,0.8761373545482739,0.0006569999999999077,0.005330867240715333,2222.2302010368485,5.595649113956781,32.865457204448205,2260.6966382224946,True,False,False
-0.0073,-0.0073,0.03,1.002628,0.9980328771990408,0.31645031663322,1.0032867260291856,1.0032867260291858,1.0032867260291856,1.0032867260291856,10.348589620206623,2917.247789132355,6779.408231609986,0.5298784774864667,0.76076745458375,0.8761668825559578,0.001970999999999945,0.04801141329300554,2222.2937682648003,5.7239918830959065,32.874048799822674,2260.9398203610117,True,False,False
-0.0073,-0.0073,0.1,1.00876,0.9934728831576543,0.319847079258,1.0109691634389864,1.0109691634389866,1.0109691634389866,1.0109691634389866,10.269949840763198,2895.079384437742,6727.890953637167,0.5301788375080988,0.7609530822292098,0.8762702384200134,0.006569999999999965,0.5347668735608824,2223.0070600696326,6.24757115458282,32.904150887331035,2262.693548985107,True,False,False
-0.0072,-0.0072,0.0,1.0,1.0,0.315,1.0,1.0,1.0,1.0,10.38260259907672,2926.835983374479,6801.690289107283,0.5297498038588546,0.7606879137410921,0.8761225909176094,0.0,0.0,2222.2222222222226,5.535026856094648,32.86116290607792,2260.618411984395,True,False,False
-0.0072,-0.0072,0.01,1.000864,0.9993524196320784,0.31547645635967997,1.001080186603849,1.0010801866038488,1.0010801866038488,1.0010801866038488,10.371399552217243,2923.677865709972,6794.351122043404,0.5297921040691375,0.76071406323746,0.8761371523050774,0.0006479999999999819,0.005185791551708875,2222.229984131872,5.594802681359202,32.8653983716915,2260.6953709764744,True,False,False
-0.0072,-0.0072,0.03,1.002592,0.9980597718036138,0.31643042723711995,1.0032416790721568,1.0032416790721568,1.0032416790721568,1.003241679072157,10.349054286379946,2917.378777645433,6779.712636538184,0.5298767146229136,0.7607663649269812,0.8761662758060597,0.0019439999999999458,0.04670436980826484,2222.2918267742575,5.721259522642569,32.873872219951735,2260.93366288666,True,False,False
-0.0072,-0.0072,0.1,1.00864,0.9935617200540497,0.319780435968,1.0108186422880496,1.0108186422880499,1.0108186422880499,1.0108186422880496,10.271479140486635,2895.510491129653,6728.892804856909,0.5301729579881631,0.7609494491597957,0.876268215683406,0.006480000000000041,0.5201912042523473,2222.9858958229142,6.236217013933565,32.90356133502037,2262.6458653761206,True,False,False
-0.0071,-0.0071,0.0,1.0,1.0,0.315,1.0,1.0,1.0,1.0,10.38260259907672,2926.835983374479,6801.690289107283,0.5297498038588546,0.7606879137410921,0.8761225909176094,0.0,0.0,2222.2222222222226,5.535026856094648,32.86116290607792,2260.618411984395,True,False,False
-0.0071,-0.0071,0.01,1.000852,0.9993614080602494,0.31546983649482,1.0010651814566771,1.001065181456677,1.0010651814566771,1.001065181456677,10.371555011002096,2923.721689246611,6794.452963801974,0.5297915165430874,0.7607137000438549,0.8761369500619275,0.0006390000000000562,0.0050427179362157164,2222.2297702106084,5.593956692858379,32.86533953912236,2260.6941091605254,True,False,False
-0.0071,-0.0071,0.03,1.002556,0.9980866678577168,0.31641053845337996,1.0031966327624988,1.003196632762499,1.0031966327624988,1.0031966327624988,10.349518987604847,2917.50977603948,6780.017064428835,0.5298749517652254,0.7607652752717732,0.8761656690565818,0.0019169999999999465,0.04541538230347193,2222.289911846254,5.718531154193925,32.873695641769366,2260.9275540245208,True,False,False
-0.0071,-0.0071,0.1,1.00852,0.9936505728395554,0.31971379948199996,1.010668128313885,1.0106681283138852,1.0106681283138852,1.0106681283138852,10.273008822785568,2895.94170566887,6729.894906703605,0.5301670785334295,0.7609458161077273,0.8762661929514678,0.006389999999999896,0.5058176076511902,2222.965015665619,6.224907044309774,32.902971801493926,2262.598712119074,True,False,False
-0.007,-0.007,0.0,1.0,1.0,0.315,1.0,1.0,1.0,1.0,10.38260259907672,2926.835983374479,6801.690289107283,0.5297498038588546,0.7606879137410921,0.8761225909176094,0.0,0.0,2222.2222222222226,5.535026856094648,32.86116290607792,2260.618411984395,True,False,False
-0.007,-0.007,0.01,1.00084,0.9993703966501105,0.315463216698,1.0010501763814819,1.0010501763814816,1.0010501763814819,1.0010501763814816,10.371710473701674,2923.765513886804,6794.554808125108,0.5297909290176889,0.760713336850423,0.8761367478188242,0.0006299999999999084,0.004901646365431555,2222.2295592732835,5.593111148458213,32.86528070674076,2260.692852774848,True,False,False
-0.007,-0.007,0.03,1.00252,0.9981135653614669,0.316390650282,1.0031515871002208,1.0031515871002208,1.0031515871002208,1.0031515871002208,10.349983723885023,2917.6407843155516,6780.321515284362,0.5298731889134022,0.760764185618126,0.8761650623075241,0.0018899999999999473,0.04414445000123588,2222.28802348682,5.715806777851003,32.873519065275595,2260.9214937799475,True,False,False
-0.007,-0.007,0.1,1.0084,0.9937394415184339,0.31964716979999996,1.0105176215168146,1.0105176215168143,1.0105176215168143,1.0105176215168146,10.274538887795098,2896.3730280934815,6730.897259265766,0.5301611991438971,0.7609421830730044,0.8762641702241988,0.006299999999999972,0.4916460549820375,2222.944419813094,6.21364124930405,32.902382286751255,2262.5520894041315,True,False,False
-0.0069,-0.0069,0.0,1.0,1.0,0.315,1.0,1.0,1.0,1.0,10.38260259907672,2926.835983374479,6801.690289107283,0.5297498038588546,0.7606879137410921,0.8761225909176094,0.0,0.0,2222.2222222222226,5.535026856094648,32.86116290607792,2260.618411984395,True,False,False
-0.0069,-0.0069,0.01,1.000828,0.9993793854016656,0.31545659696921996,1.0010351713782641,1.0010351713782641,1.0010351713782641,1.0010351713782641,10.371865940316107,2923.8093396305912,6794.6566550128855,0.5297903414929419,0.7607129736571645,0.8761365455757677,0.0006209999999999827,0.00476257681056572,2222.229351320123,5.592266048162527,32.86522187454673,2260.691601819643,True,False,False
-0.0069,-0.0069,0.03,1.002484,0.9981404643149813,0.31637076272298,1.003106542085331,1.003106542085331,1.003106542085331,1.003106542085331,10.35044849522426,2917.7718024746964,6780.625989107232,0.5298714260674438,0.7607630959660395,0.8761644555588867,0.001862999999999948,0.04289157212414245,2222.286161701985,5.713086393714381,32.873342490470364,2260.915482158294,True,False,False
-0.0069,-0.0069,0.1,1.00828,0.9938283260949503,0.319580546922,1.0103671218971586,1.0103671218971588,1.0103671218971588,1.0103671218971588,10.276069335650375,2896.804458441583,6731.899862631917,0.5301553198195654,0.7609385500556269,0.8762621475015989,0.006210000000000049,0.47767651746910617,2222.9241084808427,6.202419632511811,32.9017927907919,2262.505997421616,True,False,False
-0.0068,-0.0068,0.0,1.0,1.0,0.315,1.0,1.0,1.0,1.0,10.38260259907672,2926.835983374479,6801.690289107283,0.5297498038588546,0.7606879137410921,0.8761225909176094,0.0,0.0,2222.2222222222226,5.535026856094648,32.86116290607792,2260.618411984395,True,False,False
-0.0068,-0.0068,0.01,1.000816,0.9993883743149192,0.31544997730848,1.0010201664470242,1.001020166447024,1.001020166447024,1.001020166447024,10.372021410845564,2923.853166478012,6794.7585044654015,0.5297897539688464,0.7607126104640795,0.8761363433327578,0.0006120000000000569,0.004625509242816038,2222.229146351352,5.591421391974943,32.86516304254023,2260.69035629511,True,False,False
-0.0068,-0.0068,0.03,1.002448,0.9981673647183771,0.31635087577632,1.0030614977178385,1.0030614977178385,1.0030614977178385,1.0030614977178387,10.350913301626253,2917.902830517972,6780.930485899879,0.5298696632273502,0.7607620063155137,0.8761638488106693,0.0018359999999999488,0.04165674789480248,2222.28432649778,5.71037000188515,32.87316591735366,2260.9095191649135,True,False,False
-0.0068,-0.0068,0.1,1.00816,0.9939172265733711,0.31951393084799995,1.010216629455239,1.010216629455239,1.0102166294552388,1.010216629455239,10.277600166486621,2897.2359967512903,6732.9027168906405,0.5301494405604337,0.7609349170555949,0.8762601247836681,0.006119999999999903,0.4639089663362531,2222.904081884524,6.191242197531223,32.90120331361544,2262.4604363620074,True,False,False
-0.0067,-0.0067,0.0,1.0,1.0,0.315,1.0,1.0,1.0,1.0,10.38260259907672,2926.835983374479,6801.690289107283,0.5297498038588546,0.7606879137410921,0.8761225909176094,0.0,0.0,2222.2222222222226,5.535026856094648,32.86116290607792,2260.618411984395,True,False,False
-0.0067,-0.0067,0.01,1.000804,0.999397363389876,0.31544335771578,1.0010051615877618,1.001005161587762,1.001005161587762,1.0010051615877618,10.372176885290163,2923.8969944291075,6794.860356482743,0.5297891664454026,0.7607122472711678,0.8761361410897947,0.0006029999999999092,0.004490443633386517,2222.228944367197,5.59057717989935,32.8651042107213,2260.6891162014513,True,False,False
-0.0067,-0.0067,0.03,1.002412,0.9981942665717717,0.31633098944202004,1.003016453997752,1.003016453997752,1.0030164539977517,1.003016453997752,10.35137814309475,2918.0338684464296,6781.235005664754,0.5298679003931215,0.7607609166665487,0.8761632420628722,0.0018089999999999495,0.04043997653579327,2222.282517880239,5.707657602464149,32.8729893459255,2260.9036048051644,True,False,False
-0.0067,-0.0067,0.1,1.00804,0.9940061429579635,0.319447321578,1.010066144191377,1.010066144191377,1.010066144191377,1.010066144191377,10.279131380439107,2897.667643060742,6733.905822130568,0.5301435613665011,0.760931284072908,0.8762581020704066,0.00602999999999998,0.45034337280707687,2222.884340239953,6.1801089479633395,32.90061385522143,2262.4154064159443,True,False,False
-0.0066,-0.0066,0.0,1.0,1.0,0.315,1.0,1.0,1.0,1.0,10.38260259907672,2926.835983374479,6801.690289107283,0.5297498038588546,0.7606879137410921,0.8761225909176094,0.0,0.0,2222.2222222222226,5.535026856094648,32.86116290607792,2260.618411984395,True,False,False
-0.0066,-0.0066,0.01,1.000792,0.9994063526265399,0.31543673819111995,1.0009901568004784,1.0009901568004782,1.0009901568004784,1.0009901568004782,10.372332363650031,2923.940823483911,6794.962211065011,0.5297885789226102,0.7607118840784295,0.8761359388468781,0.0005939999999999834,0.004357379953482014,2222.228745367883,5.589733411939585,32.86504537908991,2260.6878815388663,True,False,False
-0.0066,-0.0066,0.03,1.002376,0.9982211698752823,0.3163111037200799,1.0029714109250796,1.0029714109250796,1.0029714109250798,1.0029714109250796,10.35184301963348,2918.1649162611166,6781.539548404302,0.5298661375647575,0.7607598270191442,0.8761626353154952,0.0017819999999999503,0.039241257269700416,2222.280735855396,5.704949195552356,32.872812776185825,2260.897739084404,True,False,False
-0.0066,-0.0066,0.1,1.00792,0.9940950752529971,0.319380719112,1.0099156661058941,1.0099156661058941,1.0099156661058943,1.0099156661058943,10.280662977643178,2898.0993974080875,6734.909178440348,0.5301376822377669,0.7609276511075664,0.8762560793618142,0.005940000000000056,0.43697970810479825,2222.8648837631013,6.169019887411908,32.90002441560943,2262.370907774228,True,False,False
-0.0065,-0.0065,0.0,1.0,1.0,0.315,1.0,1.0,1.0,1.0,10.38260259907672,2926.835983374479,6801.690289107283,0.5297498038588546,0.7606879137410921,0.8761225909176094,0.0,0.0,2222.2222222222226,5.535026856094648,32.86116290607792,2260.618411984395,True,False,False
-0.0065,-0.0065,0.01,1.00078,0.9994153420249153,0.31543011873450005,1.000975152085173,1.0009751520851733,1.0009751520851733,1.0009751520851733,10.37248784592534,2923.9846536424648,6795.064068212284,0.5297879914004695,0.7607115208858647,0.8761357366040083,0.0005850000000000577,0.004226318174300939,2222.2285493536365,5.588890088099259,32.8649865476461,2260.686652307556,True,False,False
-0.0065,-0.0065,0.03,1.00234,0.9982480746290261,0.31629121861049997,1.0029263684998309,1.0029263684998309,1.0029263684998309,1.0029263684998309,10.352307931246179,2918.2959739630896,6781.844114120964,0.5298643747422584,0.7607587373733007,0.8761620285685384,0.001754999999999951,0.03806058931912131,2222.2789804292865,5.702244781250703,32.87263620813468,2260.891922007991,True,False,False
-0.0065,-0.0065,0.1,1.0078,0.994184023462743,0.31931412345,1.0097651951991116,1.0097651951991116,1.0097651951991116,1.0097651951991116,10.28219495823425,2898.5312598314977,6735.9127859086975,0.5301318031742305,0.7609240181595699,0.8762540566578908,0.005849999999999911,0.4238179434522291,2222.8457126700955,6.15797501948343,32.89943499477897,2262.32694062781,True,False,False
-0.0064,-0.0064,0.0,1.0,1.0,0.315,1.0,1.0,1.0,1.0,10.38260259907672,2926.835983374479,6801.690289107283,0.5297498038588546,0.7606879137410921,0.8761225909176094,0.0,0.0,2222.2222222222226,5.535026856094648,32.86116290607792,2260.618411984395,True,False,False
-0.0064,-0.0064,0.01,1.000768,0.9994243315850071,0.31542349934592,1.000960147441847,1.000960147441847,1.000960147441847,1.000960147441847,10.372643332116194,2924.0284849048094,6795.165927924663,0.5297874038789803,0.7607111576934732,0.8761355343611852,0.0005759999999999099,0.004097258267046168,2222.228356324683,5.588047208382331,32.864927716389815,2260.685428507722,True,False,False
-0.0064,-0.0064,0.03,1.002304,0.9982749808331204,0.31627133411328,1.0028813267220142,1.002881326722014,1.002881326722014,1.0028813267220142,10.352772877936586,2918.4270415534033,6782.148702817184,0.5298626119256241,0.7607576477290178,0.8761614218220019,0.0017279999999999518,0.036897971906634255,2222.277251607947,5.699544359660163,32.872459641772025,2260.8861535812857,True,False,False
-0.0064,-0.0064,0.1,1.00768,0.9942729875914731,0.31924753459199995,1.0096147314713508,1.009614731471351,1.0096147314713508,1.009614731471351,10.283727322347756,2898.96323036916,6736.916644624351,0.5301259241758911,0.7609203852289185,0.8762520339586365,0.005759999999999987,0.4108580500719392,2222.8268271772204,6.146974347787463,32.89884559272964,2262.2835051678094,True,False,False
-0.0063,-0.0063,0.0,1.0,1.0,0.315,1.0,1.0,1.0,1.0,10.38260259907672,2926.835983374479,6801.690289107283,0.5297498038588546,0.7606879137410921,0.8761225909176094,0.0,0.0,2222.2222222222226,5.535026856094648,32.86116290607792,2260.618411984395,True,False,False
-0.0063,-0.0063,0.01,1.000756,0.9994333213068191,0.31541688002538,1.0009451428705,1.0009451428704998,1.0009451428705,1.0009451428704998,10.37279882222277,2924.072317270984,6795.2677902022415,0.5297868163581426,0.7607107945012551,0.8761353321184088,0.0005669999999999842,0.003970200202919574,2222.228166281247,5.587204772792391,32.864868885321094,2260.684210139563,True,False,False
-0.0063,-0.0063,0.03,1.002268,0.9983018884876825,0.31625145022842,1.002836285591638,1.0028362855916382,1.002836285591638,1.002836285591638,10.353237859708432,2918.558119033106,6782.453314495424,0.5298608491148544,0.7607565580862955,0.8761608150758854,0.0017009999999999525,0.03575340425481502,2222.2755493974164,5.696847930881766,32.87228307709783,2260.8804338096506,True,False,False
-0.0063,-0.0063,0.1,1.00756,0.9943619676434615,0.319180952538,1.0094642749229337,1.0094642749229337,1.0094642749229337,1.0094642749229337,10.28526007011925,2899.3953090592786,6737.920754676091,0.5301200452427479,0.760916752315612,0.8762500112640513,0.005670000000000064,0.3980999991860938,2222.8082275009165,6.136017875936038,32.89825620946099,2262.2406015854995,True,False,False
