Pump Power  H,Conversion Efficiency H,Pump Power  V,Conversion Efficiency V,Fit x H,Fit y H,Fit x V,Fit y V
17.3,3.59222686711927,25,5.23032902136684,17.3,3.8189175924044,25,5.45443427068076
36.3,7.5002538983809,47,9.85696822191366,18.0994994994995,3.99139370505327,25.6716716716717,5.59600262086153
58.8,11.5291731799783,65,13.1500467117146,18.898998998999,4.1635188489781,26.3433433433433,5.73731425240109
75.7,15.2965704506453,86,17.0888753787042,19.6984984984985,4.33529344842052,27.015015015015,5.87836944033545
95,18.8197160318584,105,20.389376284335,20.497997997998,4.50671792725707,27.6866866866867,6.01916845949121
115,22.2491084393418,125,23.7888427343624,21.2974974974975,4.67779270899947,28.3583583583584,6.15971158448567
133,25.2886850192119,149,27.48767995619,22.096996996997,4.84851821679481,29.03003003003,6.29999908972697
156,28.9894681927551,164,29.5659563885211,22.8964964964965,5.01889487342584,29.7017017017017,6.44003124941425
179,32.122797946355,186,32.8070779675138,23.695995995996,5.18892310131121,30.3733733733734,6.57980833753768
194,34.2939240748337,205,35.157509646936,24.4954954954955,5.35860332250566,31.0450450450451,6.71933062787868
217,37.0818473989029,226,37.5326827124574,25.294994994995,5.52793595870034,31.7167167167167,6.85859839400999
235,39.2036297517344,246,39.7346660752845,26.0944944944945,5.69692143122302,32.3883883883884,6.99761190929581
258,41.8188498610382,267,41.8376838937149,26.893993993994,5.8655601610383,33.0600600600601,7.13637144689192
274,43.5705538965153,287,43.7922533955501,27.6934934934935,6.03385256874792,33.7317317317317,7.2748772797458
295,45.4209454832869,304,45.1282882449059,28.492992992993,6.20179907459094,34.4034034034034,7.41312968059676
311,46.654539874468,323,46.785961113551,29.2924924924925,6.36940009844402,35.0750750750751,7.55112892197605
338,49.1464005446538,348,48.5673409126921,30.091991991992,6.53665605982164,35.7467467467468,7.68887527620702
355,50.3553230480112,367,49.7796688315519,30.8914914914915,6.70356737787638,36.4184184184184,7.82636901540518
376,51.7616206539576,385,50.9177725921142,31.690990990991,6.87013447139911,37.0900900900901,7.96361041147838
397,53.1925901477277,407,52.0311349665774,32.4904904904905,7.03635775881927,37.7617617617618,8.10059973612691
412,54.0067624459072,425,52.9960490244454,33.28998998999,7.20223765820511,38.4334334334334,8.23733726084362
436,55.0923255101465,443,53.7877733796192,34.0894894894895,7.3677745872639,39.1051051051051,8.37382325691405
456,56.103872910915,465,54.4805321903963,34.888988988989,7.53296896334221,39.7767767767768,8.51005799541654
479,57.1154203116835,487,55.395963476066,35.6884884884885,7.69782120342613,40.4484484484485,8.64604174722239
493,57.4608267412142,506,55.816567039752,36.3,7.8236807278687,41.1201201201201,8.78177478299592
515,58.1022958246283,525,56.2124292173389,36.487987987988,7.86233172414152,41.7917917917918,8.91725737319465
537,58.6944211323952,545,56.4845844644299,37.2874874874875,8.02650094175424,42.4634634634635,9.05248978806939
555,59.0151556741023,565,56.8062224837193,38.086986986987,8.19032927217042,43.1351351351351,9.18747229766439
575,59.3358902158094,585,57.0041535725127,38.8864864864865,8.35381713093666,43.8068068068068,9.32220517181743
592,59.4839215427511,600,57.177343275207,39.685985985986,8.5169649332403,44.4784784784785,9.45668868015994
615,59.7799841966346,625,57.2020846613062,40.4854854854855,8.67977309390965,45.1501501501502,9.59092309211718
632,59.9033436357527,653,57.2515674335045,41.284984984985,8.84224202741425,45.8218218218218,9.72490867690829
655,60.076046850518,677,56.8062224837193,42.0844844844845,9.00437214786506,46.4934934934935,9.85864570354646
672,60.3967813922251,696,56.6577741671242,42.883983983984,9.16616386901476,47,9.95933234758612
695,60.0020311870472,,,43.6834834834835,9.32761760425796,47.1651651651652,9.99213444083903
722,59.9773592992236,,,44.482982982983,9.48873376663145,47.8368368368368,10.1253751573876
816,58.2749990393937,,,45.2824824824825,9.64951276881442,48.5085085085085,10.2583681215882
,,,,46.081981981982,9.80995502312872,49.1801801801802,10.3911136016314
,,,,46.8814814814815,9.9700609415391,49.8518518518519,10.5236118655024
,,,,47.680980980981,10.1298309356534,50.5235235235235,10.655863180981
,,,,48.4804804804805,10.289265416723,51.1951951951952,10.7878678156422
,,,,49.27997997998,10.4483647956426,51.8668668668669,10.9196260368558
,,,,50.0794794794795,10.6071294829511,52.5385385385385,11.0511381117867
,,,,50.878978978979,10.7655598888311,53.2102102102102,11.1824043073952
,,,,51.6784784784785,10.92365642311,53.8818818818819,11.313424890437
,,,,52.477977977978,11.0814194952592,54.5535535535536,11.4442001274629
,,,,53.2774774774775,11.2388495143955,55.2252252252252,11.5747302848199
,,,,54.076976976977,11.3959468892803,55.8968968968969,11.7050156286503
,,,,54.8764764764765,11.5527120283205,56.5685685685686,11.8350564248925
,,,,55.675975975976,11.7091453395684,57.2402402402403,11.9648529392807
,,,,56.4754754754755,11.8652472307223,57.9119119119119,12.0944054373453
,,,,57.274974974975,12.0210181091262,58.5835835835836,12.2237141844129
,,,,58.0744744744745,12.1764583817704,59.2552552552553,12.3527794456065
,,,,58.8,12.3172306925171,59.9269269269269,12.4816014858455
,,,,58.873973973974,12.331568455292,60.5985985985986,12.6101805698458
,,,,59.6734734734735,12.4863487359743,61.2702702702703,12.7385169621203
,,,,60.472972972973,12.6407996297479,61.941941941942,12.8666109269784
,,,,61.2724724724725,12.7949215421906,62.6136136136136,12.9944627285266
,,,,62.071971971972,12.9487148785274,63.2852852852853,13.1220726306685
,,,,62.8714714714715,13.1021800436311,63.956956956957,13.2494408971047
,,,,63.670970970971,13.2553174420224,64.6286286286286,13.3765677913334
,,,,64.4704704704705,13.4081274778701,65,13.4467535016809
,,,,65.26996996997,13.5606105549914,65.3003003003003,13.5034535766499
,,,,66.0694694694695,13.7127670768521,65.971971971972,13.6300985161475
,,,,66.868968968969,13.8645974465668,66.6436436436437,13.7565028727166
,,,,67.6684684684685,14.0161020668994,67.3153153153153,13.8826669090458
,,,,68.467967967968,14.1672813402627,67.986986986987,14.0085908876215
,,,,69.2674674674675,14.3181356687195,68.6586586586587,14.1342750707282
,,,,70.066966966967,14.4686654539821,69.3303303303303,14.2597197204483
,,,,70.8664664664665,14.618871097413,70.002002002002,14.3849250986628
,,,,71.665965965966,14.7687530000248,70.6736736736737,14.5098914670509
,,,,72.4654654654655,14.9183115624806,71.3453453453454,14.6346190870903
,,,,73.264964964965,15.0675471850945,72.017017017017,14.7591082200574
,,,,74.0644644644645,15.2164602678313,72.6886886886887,14.8833591270273
,,,,74.863963963964,15.365051210307,73.3603603603604,15.0073720688741
,,,,75.6634634634635,15.5133204117893,74.032032032032,15.1311473062707
,,,,75.7,15.5200885236431,74.7037037037037,15.2546850996893
,,,,76.462962962963,15.6612682711973,75.3753753753754,15.3779857094011
,,,,77.2624624624625,15.808895187102,76.0470470470471,15.5010493954768
,,,,78.061961961962,15.9562015577268,76.7187187187187,15.6238764177867
,,,,78.8614614614615,16.1031877809473,77.3903903903904,15.7464670360004
,,,,79.660960960961,16.2498542542917,78.0620620620621,15.8688215095873
,,,,80.4604604604605,16.3962013749412,78.7337337337337,15.9909400978167
,,,,81.25995995996,16.5422295397297,79.4054054054054,16.1128230597579
,,,,82.0594594594595,16.687939145145,80.0770770770771,16.2344706542802
,,,,82.858958958959,16.8333305873279,80.7487487487488,16.3558831400529
,,,,83.6584584584585,16.9784042620734,81.4204204204204,16.4770607755459
,,,,84.457957957958,17.1231605648301,82.0920920920921,16.5980038190294
,,,,85.2574574574575,17.2675998907013,82.7637637637638,16.718712528574
,,,,86.056956956957,17.4117226344444,83.4354354354355,16.8391871620512
,,,,86.8564564564565,17.5555291904718,84.1071071071071,16.9594279771331
,,,,87.655955955956,17.6990199528506,84.7787787787788,17.0794352312929
,,,,88.4554554554555,17.8421953153033,85.4504504504505,17.1992091818046
,,,,89.254954954955,17.9850556712078,86,17.2970326983965
,,,,90.0544544544545,18.1276014135974,86.1221221221221,17.3187500857433
,,,,90.853953953954,18.2698329351615,86.7937937937938,17.4380581999857
,,,,91.6534534534535,18.4117506282457,87.4654654654655,17.5571337812095
,,,,92.452952952953,18.5533548848516,88.1371371371371,17.6759770858941
,,,,93.2524524524525,18.6946460966378,88.8088088088088,17.7945883703204
,,,,94.051951951952,18.8356246549194,89.4804804804805,17.9129678905711
,,,,94.8514514514515,18.9762909506686,90.1521521521522,18.0311159025307
,,,,95,19.0023926514918,90.8238238238238,18.1490326618857
,,,,95.650950950951,19.116645374515,91.4954954954955,18.2667184241246
,,,,96.4504504504505,19.2566883167455,92.1671671671672,18.3841734445383
,,,,97.24994994995,19.3964201673051,92.8388388388389,18.5013979782198
,,,,98.0494494494495,19.5358413157963,93.5105105105105,18.6183922800647
,,,,98.848948948949,19.67495215148,94.1821821821822,18.7351566047709
,,,,99.6484484484485,19.8137530632758,94.8538538538539,18.8516912068394
,,,,100.447947947948,19.9522444397616,95.5255255255255,18.9679963405735
,,,,101.247447447447,20.0904266691742,96.1971971971972,19.0840722600798
,,,,102.046946946947,20.2283001394098,96.8688688688689,19.1999192192678
,,,,102.846446446446,20.3658652380237,97.5405405405406,19.31553747185
,,,,103.645945945946,20.5031223522309,98.2122122122122,19.4309272713423
,,,,104.445445445445,20.6400718689062,98.8838838838839,19.5460888710641
,,,,105.244944944945,20.7767141745845,99.5555555555556,19.661022524138
,,,,106.044444444444,20.9130496554608,100.227227227227,19.7757284834904
,,,,106.843943943944,21.0490786973909,100.898898898899,19.8902070018514
,,,,107.643443443443,21.1848016858909,101.570570570571,20.0044583317551
,,,,108.442942942943,21.3202190061384,102.242242242242,20.1184827255392
,,,,109.242442442442,21.4553310429718,102.913913913914,20.2322804353458
,,,,110.041941941942,21.590138180891,103.585585585586,20.3458517131212
,,,,110.841441441441,21.7246408040576,104.257257257257,20.4591968106158
,,,,111.640940940941,21.8588392962952,104.928928928929,20.5723159793845
,,,,112.44044044044,21.9927340410894,105,20.5842721623601
,,,,113.23993993994,22.126325421588,105.600600600601,20.6852094707869
,,,,114.039439439439,22.2596138206016,106.272272272272,20.7978775359872
,,,,114.838938938939,22.3925996206036,106.943943943944,20.9103204259543
,,,,115,22.4193533379749,107.615615615616,21.0225383914621
,,,,115.638438438438,22.5252832037302,108.287287287287,21.1345316830894
,,,,116.437937937938,22.6576649517811,108.958958958959,21.2463005512204
,,,,117.237437437437,22.7897452462193,109.630630630631,21.3578452460442
,,,,118.036936936937,22.9215244681717,110.302302302302,21.4691660175555
,,,,118.836436436436,23.053002998429,110.973973973974,21.5802631155544
,,,,119.635935935936,23.1841812174461,111.645645645646,21.6911367896466
,,,,120.435435435435,23.3150595053423,112.317317317317,21.8017872892437
,,,,121.234934934935,23.4456382419016,112.988988988989,21.9122148635629
,,,,122.034434434434,23.5759178065728,113.660660660661,22.0224197616273
,,,,122.833933933934,23.7058985784697,114.332332332332,22.1324022322664
,,,,123.633433433433,23.8355809363716,115.004004004004,22.2421625241156
,,,,124.432932932933,23.9649652587231,115.675675675676,22.3517008856167
,,,,125.232432432432,24.0940519236347,116.347347347347,22.4610175650179
,,,,126.031931931932,24.222841308883,117.019019019019,22.5701128103739
,,,,126.831431431431,24.3513337919105,117.690690690691,22.6789868695462
,,,,127.630930930931,24.4795297498265,118.362362362362,22.7876399902028
,,,,128.43043043043,24.6074295594067,119.034034034034,22.8960724198188
,,,,129.22992992993,24.7350335970939,119.705705705706,23.0042844056762
,,,,130.029429429429,24.8623422389979,120.377377377377,23.1122761948641
,,,,130.828928928929,24.9893558608958,121.049049049049,23.220048034279
,,,,131.628428428428,25.1160748382325,121.720720720721,23.3276001706245
,,,,132.427927927928,25.2424995461204,122.392392392392,23.4349328504118
,,,,133,25.3327807926446,123.064064064064,23.5420463199596
,,,,133.227427427427,25.3686303593402,123.735735735736,23.6489408253944
,,,,134.026926926927,25.4944676523406,124.407407407407,23.7556166126503
,,,,134.826426426426,25.6200117992391,125,23.8495515435792
,,,,135.625925925926,25.7452631738217,125.079079079079,23.8620739274696
,,,,136.425425425425,25.8702221495432,125.750750750751,23.9683130154025
,,,,137.224924924925,25.9948890995278,126.422422422422,24.0743341218072
,,,,138.024424424424,26.1192643965691,127.094094094094,24.1801374918504
,,,,138.823923923924,26.24334841313,127.765765765766,24.2857233705071
,,,,139.623423423423,26.3671415213436,128.437437437437,24.3910920025607
,,,,140.422922922923,26.4906440930128,129.109109109109,24.4962436326034
,,,,141.222422422422,26.6138564996109,129.780780780781,24.601178505036
,,,,142.021921921922,26.7367791122817,130.452452452452,24.7058968640681
,,,,142.821421421421,26.8594123018396,131.124124124124,24.8103989537184
,,,,143.620920920921,26.9817564387702,131.795795795796,24.9146850178146
,,,,144.42042042042,27.10381189323,132.467467467467,25.0187552999935
,,,,145.21991991992,27.225579035047,133.139139139139,25.1226100437013
,,,,146.019419419419,27.3470582337211,133.810810810811,25.2262494921937
,,,,146.818918918919,27.4682498584236,134.482482482483,25.3296738885356
,,,,147.618418418418,27.5891542779981,135.154154154154,25.432883475602
,,,,148.417917917918,27.7097718609606,135.825825825826,25.5358784960774
,,,,149.217417417417,27.8301029754994,136.497497497498,25.638659192456
,,,,150.016916916917,27.9501479894757,137.169169169169,25.7412258070424
,,,,150.816416416416,28.0699072704236,137.840840840841,25.843578581951
,,,,151.615915915916,28.1893811855504,138.512512512513,25.9457177591066
,,,,152.415415415415,28.3085701017369,139.184184184184,26.0476435802441
,,,,153.214914914915,28.4274743855373,139.855855855856,26.149356286909
,,,,154.014414414414,28.5460944031798,140.527527527528,26.2508561204574
,,,,154.813913913914,28.6644305205669,141.199199199199,26.352143322056
,,,,155.613413413413,28.7824831032751,141.870870870871,26.4532181326823
,,,,156,28.8394641595911,142.542542542543,26.5540807931247
,,,,156.412912912913,28.9002525165554,143.214214214214,26.6547315439826
,,,,157.212412412412,29.0177391253338,143.885885885886,26.7551706256666
,,,,158.011911911912,29.1349432942112,144.557557557558,26.8553982783984
,,,,158.811411411411,29.2518653874634,145.229229229229,26.9554147422111
,,,,159.610910910911,29.3685057690421,145.900900900901,27.0552202569495
,,,,160.41041041041,29.4848648025743,146.572572572573,27.1548150622696
,,,,161.20990990991,29.6009428513628,147.244244244244,27.2541993976393
,,,,162.009409409409,29.7167402783868,147.915915915916,27.3533735023384
,,,,162.808908908909,29.8322574463016,148.587587587588,27.4523376154585
,,,,163.608408408408,29.947494717439,149,27.5129985164955
,,,,164.407907907908,30.0624524538075,149.259259259259,27.5510919759033
,,,,165.207407407407,30.1771310170928,149.930930930931,27.6496368223884
,,,,166.006906906907,30.2915307686575,150.602602602603,27.7479723934421
,,,,166.806406406406,30.4056520695419,151.274274274274,27.8460989274047
,,,,167.605905905906,30.5194952804636,151.945945945946,27.9440166624292
,,,,168.405405405405,30.6330607618182,152.617617617618,28.0417258364812
,,,,169.204904904905,30.7463488736795,153.289289289289,28.1392266873388
,,,,170.004404404404,30.8593599757994,153.960960960961,28.2365194525932
,,,,170.803903903904,30.9720944276084,154.632632632633,28.3336043696484
,,,,171.603403403403,31.0845525882156,155.304304304304,28.4304816757214
,,,,172.402902902903,31.1967348164093,155.975975975976,28.5271516078426
,,,,173.202402402402,31.3086414706566,156.647647647648,28.6236144028554
,,,,174.001901901902,31.4202729091043,157.319319319319,28.7198702974167
,,,,174.801401401401,31.5316294895788,157.990990990991,28.815919527997
,,,,175.600900900901,31.6427115695861,158.662662662663,28.9117623308804
,,,,176.4004004004,31.7535195063123,159.334334334334,29.0073989421645
,,,,177.1998998999,31.864053656624,160.006006006006,29.102829597761
,,,,177.999399399399,31.974314377068,160.677677677678,29.1980545333954
,,,,178.798898898899,32.084302023872,161.349349349349,29.2930739846075
,,,,179,32.111924688138,162.021021021021,29.387888186751
,,,,179.598398398398,32.1940169529444,162.692692692693,29.482497374994
,,,,180.397897897898,32.303459519875,163.364364364364,29.576901784319
,,,,181.197397397397,32.4126300799348,164,29.6660528962006
,,,,181.996896896897,32.5215289880764,164.036036036036,29.6711016495232
,,,,182.796396396396,32.6301565989342,164.707707707708,29.765097205218
,,,,183.595895895896,32.7385132668246,165.379379379379,29.8588886858299
,,,,184.395395395395,32.8465993457462,166.051051051051,29.9524763256002
,,,,185.194894894895,32.9544151893802,166.722722722723,30.0458603585851
,,,,185.994394394394,33.0619611510903,167.394394394394,30.1390410186559
,,,,186.793893893894,33.1692375839231,168.066066066066,30.232018539499
,,,,187.593393393393,33.2762448406083,168.737737737738,30.3247931546162
,,,,188.392892892893,33.3829832735591,169.409409409409,30.4173650973247
,,,,189.192392392392,33.489453234872,170.081081081081,30.5097346007573
,,,,189.991891891892,33.5956550763274,170.752752752753,30.6019018978623
,,,,190.791391391391,33.7015891493895,171.424424424424,30.6938672214037
,,,,191.590890890891,33.807255805207,172.096096096096,30.7856308039615
,,,,192.39039039039,33.9126553946126,172.767767767768,30.8771928779317
,,,,193.18988988989,34.017788268124,173.439439439439,30.9685536755262
,,,,193.989389389389,34.1226547759435,174.111111111111,31.0597134287733
,,,,194,34.1240447293302,174.782782782783,31.1506723695174
,,,,194.788888888889,34.2272552679584,175.454454454454,31.2414307294194
,,,,195.588388388388,34.3315900937416,176.126126126126,31.3319887399569
,,,,196.387887887888,34.4356596025511,176.797797797798,31.4223466324238
,,,,197.187387387387,34.5394641433309,177.469469469469,31.5125046379309
,,,,197.986886886887,34.6430040647108,178.141141141141,31.6024629874061
,,,,198.786386386386,34.7462797150066,178.812812812813,31.6922219115938
,,,,199.585885885886,34.8492914422207,179.484484484485,31.7817816410559
,,,,200.385385385385,34.9520395940418,180.156156156156,31.8711424061712
,,,,201.184884884885,35.0545245178458,180.827827827828,31.960304437136
,,,,201.984384384384,35.156746560695,181.4994994995,32.049267963964
,,,,202.783883883884,35.2587060693395,182.171171171171,32.1380332164862
,,,,203.583383383383,35.3604033902164,182.842842842843,32.2266004243515
,,,,204.382882882883,35.4618388694506,183.514514514515,32.3149698170264
,,,,205.182382382382,35.563012852855,184.186186186186,32.4031416237954
,,,,205.981881881882,35.6639256859303,184.857857857858,32.4911160737607
,,,,206.781381381381,35.7645777138656,185.52952952953,32.5788933958428
,,,,207.580880880881,35.8649692815387,186,32.6402594917604
,,,,208.38038038038,35.9651007335157,186.201201201201,32.6664738187803
,,,,209.17987987988,36.0649724140521,186.872872872873,32.7538575711302
,,,,209.979379379379,36.1645846670921,187.544544544545,32.8410448812677
,,,,210.778878878879,36.2639378362696,188.216216216216,32.9280359773868
,,,,211.578378378378,36.3630322649078,188.887887887888,33.0148310874998
,,,,212.377877877878,36.46186829602,189.55955955956,33.1014304394381
,,,,213.177377377377,36.5604462723092,190.231231231231,33.1878342608516
,,,,213.976876876877,36.6587665361688,190.902902902903,33.2740427792093
,,,,214.776376376376,36.7568294296825,191.574574574575,33.3600562217994
,,,,215.575875875876,36.8546352946247,192.246246246246,33.4458748157291
,,,,216.375375375375,36.9521844724608,192.917917917918,33.5314987879249
,,,,217,37.0282182865691,193.58958958959,33.6169283651328
,,,,217.174874874875,37.0494773043469,194.261261261261,33.7021637739182
,,,,217.974374374374,37.1465141311308,194.932932932933,33.7872052406662
,,,,218.773873873874,37.2432952933514,195.604604604605,33.8720529915816
,,,,219.573373373373,37.3398211312396,196.276276276276,33.956707252689
,,,,220.372872872873,37.4360919847181,196.947947947948,34.0411682498329
,,,,221.172372372372,37.5321081934018,197.61961961962,34.125436208678
,,,,221.971871871872,37.6278700965978,198.291291291291,34.2095113547091
,,,,222.771371371371,37.7233780333059,198.962962962963,34.2933939132312
,,,,223.570870870871,37.8186323422186,199.634634634635,34.3770841093697
,,,,224.37037037037,37.9136333617213,200.306306306306,34.4605821680707
,,,,225.16986986987,38.0083814298928,200.977977977978,34.5438883141005
,,,,225.969369369369,38.1028768845051,201.64964964965,34.6270027720465
,,,,226.768868868869,38.197120063024,202.321321321321,34.7099257663168
,,,,227.568368368368,38.2911113026088,202.992992992993,34.7926575211402
,,,,228.367867867868,38.3848509401133,203.664664664665,34.8751982605668
,,,,229.167367367367,38.4783393120852,204.336336336336,34.9575482084678
,,,,229.966866866867,38.5715767547667,205,35.0387291646267
,,,,230.766366366366,38.6645636040949,205.008008008008,35.0397075885357
,,,,231.565865865866,38.7573001957014,205.67967967968,35.1216766242841
,,,,232.365365365365,38.8497868649133,206.351351351351,35.2034555390483
,,,,233.164864864865,38.9420239467528,207.023023023023,35.2850445559852
,,,,233.964364364364,39.0340117759375,207.694694694695,35.3664438980733
,,,,234.763863863864,39.1257506868809,208.366366366366,35.4476537881129
,,,,235,39.152798660657,209.038038038038,35.5286744487263
,,,,235.563363363363,39.2172410136925,209.70970970971,35.6095061023576
,,,,236.362862862863,39.3084830901778,210.381381381381,35.6901489712733
,,,,237.162362362362,39.3994772498385,211.053053053053,35.7706032775619
,,,,237.961861861862,39.4902238258733,211.724724724725,35.8508692431344
,,,,238.761361361361,39.5807231511773,212.396396396396,35.9309470897241
,,,,239.560860860861,39.6709755583428,213.068068068068,36.010837038887
,,,,240.36036036036,39.7609813796591,213.73973973974,36.0905393120017
,,,,241.15985985986,39.8507409471131,214.411411411411,36.1700541302696
,,,,241.959359359359,39.9402545923892,215.083083083083,36.2493817147148
,,,,242.758858858859,40.0295226468696,215.754754754755,36.3285222861847
,,,,243.558358358358,40.1185454416347,216.426426426426,36.4074760653496
,,,,244.357857857858,40.207323307463,217.098098098098,36.486243272703
,,,,245.157357357357,40.2958565748315,217.76976976977,36.5648241285618
,,,,245.956856856857,40.3841455739157,218.441441441441,36.6432188530662
,,,,246.756356356356,40.4721906345903,219.113113113113,36.7214276661801
,,,,247.555855855856,40.5599920864287,219.784784784785,36.7994507876909
,,,,248.355355355355,40.6475502587039,220.456456456456,36.8772884372096
,,,,249.154854854855,40.7348654803882,221.128128128128,36.9549408341715
,,,,249.954354354354,40.8219380801537,221.7997997998,37.0324081978354
,,,,250.753853853854,40.9087683863723,222.471471471472,37.1096907472845
,,,,251.553353353353,40.9953567271162,223.143143143143,37.1867887014258
,,,,252.352852852853,41.0817034301578,223.814814814815,37.263702278991
,,,,253.152352352352,41.16780882297,224.486486486487,37.3404316985358
,,,,253.951851851852,41.2536732327266,225.158158158158,37.4169771784408
,,,,254.751351351351,41.3392969863021,225.82982982983,37.4933389369108
,,,,255.550850850851,41.4246804102724,226,37.5126562895518
,,,,256.35035035035,41.5098238309147,226.501501501502,37.5695171919755
,,,,257.14984984985,41.5947275742077,227.173173173173,37.6455121614895
,,,,257.949349349349,41.6793919658318,227.844844844845,37.7213240631322
,,,,258,41.6847476500699,228.516516516517,37.796953114408
,,,,258.748848848849,41.7638173311697,229.188188188188,37.8723995326466
,,,,259.548348348348,41.848003995306,229.85985985986,37.9476635350027
,,,,260.347847847848,41.9319522830278,230.531531531532,38.0227453384565
,,,,261.147347347347,42.0156625188248,231.203203203203,38.0976451598138
,,,,261.946846846847,42.0991350268895,231.874874874875,38.1723632157056
,,,,262.746346346346,42.1823701311175,232.546546546547,38.2468997225889
,,,,263.545845845846,42.2653681551076,233.218218218218,38.3212548967463
,,,,264.345345345345,42.3481294221618,233.88988988989,38.3954289542864
,,,,265.144844844845,42.4306542552861,234.561561561562,38.4694221111437
,,,,265.944344344344,42.51294297719,235.233233233233,38.5432345830787
,,,,266.743843843844,42.5949959102874,235.904904904905,38.6168665856784
,,,,267.543343343343,42.6768133766962,236.576576576577,38.6903183343558
,,,,268.342842842843,42.7583956982389,237.248248248248,38.7635900443506
,,,,269.142342342342,42.8397431964425,237.91991991992,38.8366819307287
,,,,269.941841841842,42.9208561925391,238.591591591592,38.9095942083828
,,,,270.741341341341,43.0017350074656,239.263263263263,38.9823270920325
,,,,271.540840840841,43.0823799618644,239.934934934935,39.054880796224
,,,,272.34034034034,43.1627913760834,240.606606606607,39.1272555353304
,,,,273.13983983984,43.2429695701761,241.278278278278,39.1994515235521
,,,,273.939339339339,43.3229148639018,241.94994994995,39.2714689749164
,,,,274,43.3289710798747,242.621621621622,39.3433081032781
,,,,274.738838838839,43.402627576726,243.293293293293,39.4149691223193
,,,,275.538338338338,43.4821080278207,243.964964964965,39.4864522455493
,,,,276.337837837838,43.5613565360641,244.636636636637,39.5577576863055
,,,,277.137337337337,43.6403734200412,245.308308308308,39.6288856577525
,,,,277.936836836837,43.7191589980441,245.97997997998,39.699836372883
,,,,278.736336336336,43.7977135880718,246,39.7019484300948
,,,,279.535835835836,43.8760375078307,246.651651651652,39.7706100445174
,,,,280.335335335335,43.9541310747348,247.323323323323,39.8412068853043
,,,,281.134834834835,44.0319946059058,247.994994994995,39.9116271077202
,,,,281.934334334334,44.1096284181732,248.666666666667,39.98187092407
,,,,282.733833833834,44.1870328280749,249.338338338338,40.0519385464867
,,,,283.533333333333,44.2642081518569,250.01001001001,40.121830186932
,,,,284.332832832833,44.3411547054739,250.681681681682,40.1915460571959
,,,,285.132332332332,44.4178728045893,251.353353353353,40.2610863688972
,,,,285.931831831832,44.4943627645755,252.025025025025,40.3304513334834
,,,,286.731331331331,44.570624900514,252.696696696697,40.3996411622306
,,,,287.530830830831,44.6466595271957,253.368368368368,40.4686560662442
,,,,288.33033033033,44.722466959121,254.04004004004,40.5374962564586
,,,,289.12982982983,44.7980475105002,254.711711711712,40.6061619436371
,,,,289.929329329329,44.8734014952534,255.383383383383,40.6746533383725
,,,,290.728828828829,44.9485292270109,256.055055055055,40.742970651087
,,,,291.528328328328,45.0234310191136,256.726726726727,40.8111140920321
,,,,292.327827827828,45.0981071846126,257.398398398398,40.8790838712889
,,,,293.127327327327,45.1725580362702,258.07007007007,40.9468801987684
,,,,293.926826826827,45.2467838865593,258.741741741742,41.0145032842111
,,,,294.726326326326,45.3207850476642,259.413413413413,41.0819533371876
,,,,295,45.3460645433259,260.085085085085,41.1492305670983
,,,,295.525825825826,45.3945618314805,260.756756756757,41.2163351831741
,,,,296.325325325325,45.4681145496154,261.428428428429,41.2832673944756
,,,,297.124824824825,45.541443513388,262.1001001001,41.350027409894
,,,,297.924324324324,45.6145490338293,262.771771771772,41.4166154381508
,,,,298.723823823824,45.6874314216823,263.443443443444,41.4830316877982
,,,,299.523323323323,45.7600909874026,264.115115115115,41.5492763672189
,,,,300.322822822823,45.8325280411585,264.786786786787,41.6153496846262
,,,,301.122322322322,45.9047428928309,265.458458458458,41.6812518480645
,,,,301.921821821822,45.9767358520137,266.13013013013,41.746983065409
,,,,302.721321321321,46.048507228014,266.801801801802,41.8125435443658
,,,,303.520820820821,46.1200573298525,267,41.831856665517
,,,,304.32032032032,46.1913864662631,267.473473473474,41.8779334924723
,,,,305.11981981982,46.2624949456939,268.145145145145,41.9431531170973
,,,,305.919319319319,46.3333830763067,268.816816816817,42.0082026254406
,,,,306.718818818819,46.4040511659777,269.488488488489,42.0730822245337
,,,,307.518318318318,46.4744995222974,270.16016016016,42.1377921212396
,,,,308.317817817818,46.5447284525709,270.831831831832,42.202332522253
,,,,309.117317317317,46.6147382638181,271.503503503504,42.2667036341002
,,,,309.916816816817,46.6845292627738,272.175175175175,42.3309056631397
,,,,310.716316316316,46.7541017558882,272.846846846847,42.3949388155615
,,,,311,46.7787354633818,273.518518518519,42.4588032973881
,,,,311.515815815816,46.8234560493268,274.19019019019,42.5224993144741
,,,,312.315315315315,46.8925924489706,274.861861861862,42.5860270725061
,,,,313.114814814815,46.9615112604165,275.533533533534,42.6493867770035
,,,,313.914314314314,47.0302127889774,276.205205205205,42.7125786333178
,,,,314.713813813814,47.0986973396823,276.876876876877,42.7756028466335
,,,,315.513313313313,47.1669652172767,277.548548548549,42.8384596219673
,,,,316.312812812813,47.2350167262226,278.22022022022,42.9011491641692
,,,,317.112312312312,47.3028521706989,278.891891891892,42.9636716779217
,,,,317.911811811812,47.3704718546013,279.563563563564,43.0260273677407
,,,,318.711311311311,47.4378760815427,280.235235235235,43.0882164379748
,,,,319.510810810811,47.5050651548537,280.906906906907,43.1502390928061
,,,,320.31031031031,47.5720393775822,281.578578578579,43.2120955362498
,,,,321.10980980981,47.6387990524938,282.25025025025,43.2737859721548
,,,,321.909309309309,47.7053444820723,282.921921921922,43.3353106042033
,,,,322.708808808809,47.7716759685197,283.593593593594,43.3966696359111
,,,,323.508308308308,47.837793813756,284.265265265265,43.4578632706279
,,,,324.307807807808,47.9036983194203,284.936936936937,43.5188917115371
,,,,325.107307307307,47.96938978687,285.608608608609,43.579755161656
,,,,325.906806806807,48.0348685171817,286.28028028028,43.6404538238361
,,,,326.706306306306,48.1001348111512,286.951951951952,43.7009879007628
,,,,327.505805805806,48.1651889692935,287,43.705311904752
,,,,328.305305305305,48.2300312918434,287.623623623624,43.761357594956
,,,,329.104804804805,48.294662078755,288.295295295295,43.8215631087698
,,,,329.904304304304,48.359081629703,288.966966966967,43.8816046443927
,,,,330.703803803804,48.4232902440816,289.638638638639,43.9414824038478
,,,,331.503303303303,48.4872882210058,290.31031031031,44.0011965889928
,,,,332.302802802803,48.5510758593109,290.981981981982,44.0607474015202
,,,,333.102302302302,48.6146534575532,291.653653653654,44.1201350429575
,,,,333.901801801802,48.6780213140095,292.325325325325,44.1793597146668
,,,,334.701301301301,48.7411797266781,292.996996996997,44.2384216178456
,,,,335.500800800801,48.8041289932785,293.668668668669,44.2973209535263
,,,,336.3003003003,48.8668694112517,294.34034034034,44.3560579225767
,,,,337.0997997998,48.9294012777606,295.012012012012,44.4146327257
,,,,337.899299299299,48.9917248896896,295.683683683684,44.4730455634347
,,,,338,48.9995600877118,296.355355355355,44.531296636155
,,,,338.698798798799,49.0538405436457,297.027027027027,44.5893861440708
,,,,339.498298298298,49.1157485359578,297.698698698699,44.6473142872275
,,,,340.297797797798,49.1774491626777,298.37037037037,44.7050812655067
,,,,341.097297297297,49.2389427195794,299.042042042042,44.7626872786258
,,,,341.896796796797,49.3002295021602,299.713713713714,44.8201325261384
,,,,342.696296296296,49.3613098056404,300.385385385385,44.8774172074339
,,,,343.495795795796,49.4221839249635,301.057057057057,44.9345415217386
,,,,344.295295295295,49.4828521547965,301.728728728729,44.9915056681146
,,,,345.094794794795,49.54331478953,302.4004004004,45.0483098454608
,,,,345.894294294294,49.6035721232786,303.072072072072,45.1049542525125
,,,,346.693793793794,49.6636244498809,303.743743743744,45.1614390878419
,,,,347.493293293293,49.7234720628998,304,45.1829471771153
,,,,348.292792792793,49.7831152556226,304.415415415415,45.2177645498578
,,,,349.092292292292,49.8425543210612,305.087087087087,45.2739308368059
,,,,349.891791791792,49.9017895519523,305.758758758759,45.3299381467689
,,,,350.691291291291,49.9608212407579,306.43043043043,45.3857866776666
,,,,351.490790790791,50.019649679665,307.102102102102,45.4414766272561
,,,,352.29029029029,50.078275160586,307.773773773774,45.4970081931315
,,,,353.08978978979,50.136697975159,308.445445445446,45.5523815727246
,,,,353.889289289289,50.1949184147479,309.117117117117,45.6075969633045
,,,,354.688788788789,50.2529367704425,309.788788788789,45.6626545619778
,,,,355,50.2754662743319,310.460460460461,45.7175545656892
,,,,355.488288288288,50.310753333059,311.132132132132,45.7722971712207
,,,,356.287787787788,50.3683683931397,311.803803803804,45.8268825751925
,,,,357.087287287287,50.4257822409539,312.475475475475,45.8813109740626
,,,,357.886786786787,50.4829951664971,313.147147147147,45.9355825641273
,,,,358.686286286286,50.5400074594922,313.818818818819,45.9896975415209
,,,,359.485785785786,50.5968194093892,314.490490490491,46.0436561022161
,,,,360.285285285285,50.6534313053654,315.162162162162,46.097458442024
,,,,361.084784784785,50.7098434363255,315.833833833834,46.1511047565942
,,,,361.884284284284,50.7660560909021,316.505505505506,46.2045952414147
,,,,362.683783783784,50.8220695574558,317.177177177177,46.2579300918124
,,,,363.483283283283,50.8778841240751,317.848848848849,46.311109502953
,,,,364.282782782783,50.9335000785769,318.520520520521,46.364133669841
,,,,365.082282282282,50.9889177085068,319.192192192192,46.4170027873199
,,,,365.881781781782,51.0441373011388,319.863863863864,46.4697170500724
,,,,366.681281281281,51.0991591434759,320.535535535536,46.5222766526202
,,,,367.480780780781,51.1539835222502,321.207207207207,46.5746817893245
,,,,368.28028028028,51.2086107239231,321.878878878879,46.6269326543857
,,,,369.07977977978,51.2630410346855,322.550550550551,46.6790294418439
,,,,369.879279279279,51.3172747404578,323,46.7138040850504
,,,,370.678778778779,51.3713121268903,323.222222222222,46.7309723455786
,,,,371.478278278278,51.4251534793634,323.893893893894,46.7827615593091
,,,,372.277777777778,51.4787990829878,324.565565565566,46.8343972765945
,,,,373.077277277277,51.5322492226043,325.237237237237,46.8858796908338
,,,,373.876776776777,51.5855041827848,325.908908908909,46.9372089952658
,,,,374.676276276276,51.6385642478315,326.580580580581,46.9883853829697
,,,,375.475775775776,51.6914297017779,327.252252252252,47.0394090468647
,,,,376,51.7259875770141,327.923923923924,47.0902801797102
,,,,376.275275275275,51.7441008283886,328.595595595596,47.1409989741063
,,,,377.074774774775,51.7965779111595,329.267267267267,47.1915656224933
,,,,377.874274274274,51.8488612333183,329.938938938939,47.2419803171522
,,,,378.673773773774,51.9009510778241,330.610610610611,47.2922432502046
,,,,379.473273273273,51.9528477273683,331.282282282282,47.3423546136131
,,,,380.272772772773,52.0045514643742,331.953953953954,47.3923145991809
,,,,381.072272272272,52.0560625709974,332.625625625626,47.4421233985525
,,,,381.871771771772,52.1073813291262,333.297297297297,47.4917812032131
,,,,382.671271271271,52.1585080203815,333.968968968969,47.5412882044895
,,,,383.470770770771,52.209442926117,334.640640640641,47.5906445935494
,,,,384.27027027027,52.2601863274197,335.312312312312,47.6398505614022
,,,,385.06976976977,52.3107385051096,335.983983983984,47.6889062988985
,,,,385.869269269269,52.3610997397404,336.655655655656,47.7378119967307
,,,,386.668768768769,52.4112703115994,337.327327327327,47.7865678454327
,,,,387.468268268268,52.4612505007076,337.998998998999,47.8351740353803
,,,,388.267767767768,52.5110405868201,338.670670670671,47.8836307567912
,,,,389.067267267267,52.5606408494263,339.342342342342,47.9319381997249
,,,,389.866766766767,52.6100515677499,340.014014014014,47.9800965540831
,,,,390.666266266266,52.6592730207493,340.685685685686,48.0281060096096
,,,,391.465765765766,52.7083054871175,341.357357357357,48.0759667558906
,,,,392.265265265265,52.7571492452826,342.029029029029,48.1236789823545
,,,,393.064764764765,52.805804573408,342.700700700701,48.1712428782723
,,,,393.864264264264,52.854271749392,343.372372372372,48.2186586327574
,,,,394.663763763764,52.902551050869,344.044044044044,48.265926434766
,,,,395.463263263263,52.9506427552086,344.715715715716,48.3130464730971
,,,,396.262762762763,52.9985471395167,345.387387387387,48.3600189363923
,,,,397,53.0425551283517,346.059059059059,48.4068440131364
,,,,397.062262262262,53.0462644806352,346.730730730731,48.4535218916573
,,,,397.861761761762,53.093795055142,347.402402402402,48.5000527601257
,,,,398.661261261261,53.141139139352,348,48.5413286247069
,,,,399.460760760761,53.1882970093162,348.074074074074,48.5464368065559
,,,,400.26026026026,53.2352689408229,348.745745745746,48.5926742188055
,,,,401.05975975976,53.2820552093972,349.417417417417,48.6387651845753
,,,,401.859259259259,53.3286560903014,350.089089089089,48.6847098914098
,,,,402.658758758759,53.3750718585353,350.760760760761,48.7305085266973
,,,,403.458258258258,53.4213027888363,351.432432432432,48.7761612776696
,,,,404.257757757758,53.4673491556796,352.104104104104,48.8216683314024
,,,,405.057257257257,53.5132112332783,352.775775775776,48.8670298748154
,,,,405.856756756757,53.5588892955837,353.447447447447,48.9122460946721
,,,,406.656256256256,53.6043836162853,354.119119119119,48.9573171775805
,,,,407.455755755756,53.6496944688114,354.790790790791,49.0022433099926
,,,,408.255255255255,53.6948221263287,355.462462462462,49.0470246782047
,,,,409.054754754755,53.7397668617432,356.134134134134,49.0916614683575
,,,,409.854254254254,53.7845289476995,356.805805805806,49.1361538664364
,,,,410.653753753754,53.8291086565819,357.477477477478,49.1805020582712
,,,,411.453253253253,53.873506260514,358.149149149149,49.2247062295366
,,,,412,53.9037633531408,358.820820820821,49.268766565752
,,,,412.252752752753,53.9177220313589,359.492492492493,49.3126832522816
,,,,413.052252252252,53.9617562407197,360.164164164164,49.3564564743349
,,,,413.851751751752,54.0056091599395,360.835835835836,49.4000864169662
,,,,414.651251251251,54.0492810601015,361.507507507508,49.4435732650751
,,,,415.450750750751,54.0927722120295,362.179179179179,49.4869172034065
,,,,416.25025025025,54.1360828862876,362.850850850851,49.5301184165508
,,,,417.04974974975,54.1792133531809,363.522522522523,49.5731770889438
,,,,417.849249249249,54.2221638827552,364.194194194194,49.6160934048667
,,,,418.648748748749,54.2649347447977,364.865865865866,49.6588675484466
,,,,419.448248248248,54.3075262088366,365.537537537538,49.7014997036565
,,,,420.247747747748,54.3499385441418,366.209209209209,49.7439900543148
,,,,421.047247247247,54.392172019725,366.880880880881,49.7863387840864
,,,,421.846746746747,54.4342269043394,367,49.7938344432897
,,,,422.646246246246,54.4761034664805,367.552552552553,49.8285460764819
,,,,423.445745745746,54.5178019743861,368.224224224224,49.8706121148582
,,,,424.245245245245,54.5593226960361,368.895895895896,49.9125370824185
,,,,425.044744744745,54.6006658991534,369.567567567568,49.9543211622123
,,,,425.844244244244,54.6418318512034,370.239239239239,49.9959645371355
,,,,426.643743743744,54.6828208193945,370.910910910911,50.0374673899307
,,,,427.443243243243,54.7236330706784,371.582582582583,50.078829903187
,,,,428.242742742743,54.76426887175,372.254254254254,50.1200522593402
,,,,429.042242242242,54.8047284890478,372.925925925926,50.1611346406731
,,,,429.841741741742,54.8450121887539,373.597597597598,50.2020772293154
,,,,430.641241241241,54.8851202367944,374.269269269269,50.2428802072437
,,,,431.440740740741,54.9250528988394,374.940940940941,50.2835437562818
,,,,432.24024024024,54.9648104403033,375.612612612613,50.3240680581008
,,,,433.03973973974,55.0043931263449,376.284284284284,50.364453294219
,,,,433.839239239239,55.0438012218676,376.955955955956,50.4046996460021
,,,,434.638738738739,55.0830349915196,377.627627627628,50.4448072946634
,,,,435.438238238238,55.1220946996942,378.299299299299,50.4847764212638
,,,,436,55.1494357064389,378.970970970971,50.5246072067118
,,,,436.237737737738,55.1609806105297,379.642642642643,50.5642998317639
,,,,437.037237237237,55.1996929879099,380.314314314314,50.6038544770241
,,,,437.836736736737,55.238232095464,380.985985985986,50.6432713229448
,,,,438.636236236236,55.276598196567,381.657657657658,50.6825505498263
,,,,439.435735735736,55.3147915543397,382.329329329329,50.721692337817
,,,,440.235235235235,55.3528124316491,383.001001001001,50.7606968669138
,,,,441.034734734735,55.3906610911083,383.672672672673,50.7995643169617
,,,,441.834234234234,55.4283377950771,384.344344344344,50.8382948676543
,,,,442.633733733734,55.4658428056617,385,50.8759700181474
,,,,443.433233233233,55.5031763847151,385.016016016016,50.8768886985338
,,,,444.232732732733,55.5403387938375,385.687687687688,50.9153459889909
,,,,445.032232232232,55.577330294376,386.359359359359,50.9536669182653
,,,,445.831731731732,55.6141511474252,387.031031031031,50.9918516654452
,,,,446.631231231231,55.6508016138272,387.702702702703,51.0299004094681
,,,,447.430730730731,55.6872819541717,388.374374374374,51.0678133291203
,,,,448.23023023023,55.7235924287966,389.046046046046,51.1055906030372
,,,,449.02972972973,55.7597332977876,389.717717717718,51.1432324097036
,,,,449.829229229229,55.7957048209787,390.389389389389,51.1807389274535
,,,,450.628728728729,55.8315072579524,391.061061061061,51.2181103344704
,,,,451.428228228228,55.8671408680397,391.732732732733,51.2553468087871
,,,,452.227727727728,55.9026059103206,392.404404404404,51.2924485282863
,,,,453.027227227227,55.9379026436238,393.076076076076,51.3294156707001
,,,,453.826726726727,55.9730313265273,393.747747747748,51.3662484136106
,,,,454.626226226226,56.0079922173586,394.41941941942,51.4029469344498
,,,,455.425725725726,56.0427855741944,395.091091091091,51.4395114104995
,,,,456,56.0676741278254,395.762762762763,51.4759420188917
,,,,456.225225225225,56.0774116548614,396.434434434435,51.5122389366086
,,,,457.024724724725,56.1118707169358,397.106106106106,51.5484023404825
,,,,457.824224224224,56.1461630177443,397.777777777778,51.5844324071962
,,,,458.623723723724,56.1802888143635,398.44944944945,51.6203293132829
,,,,459.423223223223,56.2142483636205,399.121121121121,51.6560932351265
,,,,460.222722722723,56.2480419220932,399.792792792793,51.6917243489612
,,,,461.022222222222,56.2816697461099,400.464464464465,51.7272228308723
,,,,461.821721721722,56.3151320917501,401.136136136136,51.7625888567957
,,,,462.621221221221,56.3484292148444,401.807807807808,51.7978226025183
,,,,463.420720720721,56.3815613709748,402.47947947948,51.832924243678
,,,,464.22022022022,56.4145288154744,403.151151151151,51.8678939557637
,,,,465.01971971972,56.4473318034286,403.822822822823,51.9027319141159
,,,,465.819219219219,56.479970589674,404.494494494495,51.9374382939259
,,,,466.618718718719,56.5124454287997,405.166166166166,51.9720132702366
,,,,467.418218218218,56.5447565751468,405.837837837838,52.0064570179425
,,,,468.217717717718,56.5769042828087,406.50950950951,52.0407697117895
,,,,469.017217217217,56.6088888056316,407,52.0657439771176
,,,,469.816716716717,56.6407103972143,407.181181181181,52.0749515263753
,,,,470.616216216216,56.6723693109085,407.852852852853,52.1090026361493
,,,,471.415715715716,56.7038657998189,408.524524524525,52.1429232154128
,,,,472.215215215215,56.7352001168038,409.196196196196,52.176713438319
,,,,473.014714714715,56.7663725144746,409.867867867868,52.2103734788732
,,,,473.814214214214,56.7973832451965,410.53953953954,52.2439035109327
,,,,474.613713713714,56.8282325610885,411.211211211211,52.2773037082074
,,,,475.413213213213,56.8589207140237,411.882882882883,52.310574244259
,,,,476.212712712713,56.8894479556289,412.554554554555,52.3437152925021
,,,,477.012212212212,56.9198145372859,413.226226226226,52.3767270262036
,,,,477.811711711712,56.9500207101305,413.897897897898,52.4096096184829
,,,,478.611211211211,56.9800667250534,414.56956956957,52.4423632423124
,,,,479,56.9946200048445,415.241241241241,52.4749880705169
,,,,479.410710710711,57.0099528327001,415.912912912913,52.5074842757745
,,,,480.21021021021,57.0396792834713,416.584584584585,52.5398520306159
,,,,481.00970970971,57.0692463275227,417.256256256256,52.5720915074252
,,,,481.809209209209,57.0986542147655,417.927927927928,52.6042028784395
,,,,482.608708708709,57.1279031948666,418.5995995996,52.6361863157491
,,,,483.408208208208,57.1569935172485,419.271271271271,52.6680419912979
,,,,484.207707707708,57.1859254310897,419.942942942943,52.6997700768828
,,,,485.007207207207,57.2146991853246,420.614614614615,52.7313707441547
,,,,485.806706706707,57.2433150286442,421.286286286286,52.762844164618
,,,,486.606206206206,57.2717732094958,421.957957957958,52.7941905096306
,,,,487.405705705706,57.3000739760834,422.62962962963,52.8254099504044
,,,,488.205205205205,57.3282175763676,423.301301301301,52.8565026580053
,,,,489.004704704705,57.3562042580663,423.972972972973,52.8874688033529
,,,,489.804204204204,57.3840342686543,424.644644644645,52.9183085572212
,,,,490.603703703704,57.411707855364,425,52.9345736063495
,,,,491.403203203203,57.4392252651849,425.316316316316,52.9490220902383
,,,,492.202702702703,57.4665867448646,425.987987987988,52.9796095728864
,,,,493,57.4937178167931,426.65965965966,53.0100711755023
,,,,493.002202202202,57.4937925409084,427.331331331331,53.0404070682771
,,,,493.801701701702,57.5208428995795,428.003003003003,53.0706174212566
,,,,494.601201201201,57.5477380668997,428.674674674675,53.1007024043411
,,,,495.400700700701,57.5744782886487,429.346346346346,53.1306621872857
,,,,496.2002002002,57.6010638103652,430.018018018018,53.1604969397004
,,,,496.9996996997,57.6274948773462,430.68968968969,53.1902068310499
,,,,497.799199199199,57.6537717346481,431.361361361361,53.2197920306542
,,,,498.598698698699,57.679894627086,432.033033033033,53.2492527076883
,,,,499.398198198198,57.7058637992344,432.704704704705,53.2785890311822
,,,,500.197697697698,57.7316794954273,433.376376376376,53.3078011700215
,,,,500.997197197197,57.7573419597582,434.048048048048,53.336889292947
,,,,501.796696696697,57.7828514360804,434.71971971972,53.365853568555
,,,,502.596196196196,57.8082081680072,435.391391391391,53.3946941652974
,,,,503.395695695696,57.833412398912,436.063063063063,53.4234112514817
,,,,504.195195195195,57.8584643719286,436.734734734735,53.4520049952712
,,,,504.994694694695,57.8833643299511,437.406406406407,53.480475564685
,,,,505.794194194194,57.9081125156345,438.078078078078,53.5088231275982
,,,,506.593693693694,57.9327091713943,438.74974974975,53.5370478517419
,,,,507.393193193193,57.9571545394072,439.421421421421,53.5651499047031
,,,,508.192692692693,57.9814488616112,440.093093093093,53.5931294539254
,,,,508.992192192192,58.0055923797054,440.764764764765,53.6209866667084
,,,,509.791691691692,58.0295853351505,441.436436436437,53.6487217102082
,,,,510.591191191191,58.053427969169,442.108108108108,53.6763347514372
,,,,511.390690690691,58.0771205227451,442.77977977978,53.7038259572648
,,,,512.19019019019,58.1006632366251,443,53.7128129739917
,,,,512.98968968969,58.1240563513175,443.451451451452,53.7311954944166
,,,,513.789189189189,58.1473001070933,444.123123123123,53.7584435294752
,,,,514.588688688689,58.170394743986,444.794794794795,53.7855702288799
,,,,515,58.1822180206817,445.466466466467,53.8125757589272
,,,,515.388188188188,58.1933405017917,446.138138138138,53.8394602857702
,,,,516.187687687688,58.2161376200694,446.80980980981,53.8662239754195
,,,,516.987187187187,58.2387863381415,447.481481481482,53.8928669937428
,,,,517.786686686687,58.2612868950933,448.153153153153,53.9193895064649
,,,,518.586186186186,58.2836395297736,448.824824824825,53.9457916791683
,,,,519.385685685686,58.3058444807948,449.496496496497,53.9720736772928
,,,,520.185185185185,58.3279019865332,450.168168168168,53.9982356661358
,,,,520.984684684685,58.3498122851289,450.83983983984,54.0242778108523
,,,,521.784184184184,58.371575614486,451.511511511512,54.0502002764551
,,,,522.583683683684,58.393192212273,452.183183183183,54.076003227815
,,,,523.383183183183,58.414662315923,452.854854854855,54.1016868296604
,,,,524.182682682683,58.4359861626334,453.526526526527,54.127251246578
,,,,524.982182182182,58.4571639893667,454.198198198198,54.1526966430126
,,,,525.781681681682,58.4781960328501,454.86986986987,54.178023183267
,,,,526.581181181181,58.4990825295761,455.541541541542,54.2032310315025
,,,,527.380680680681,58.5198237158024,456.213213213213,54.2283203517386
,,,,528.18018018018,58.5404198275522,456.884884884885,54.2532913078535
,,,,528.97967967968,58.5608711006145,457.556556556557,54.2781440635837
,,,,529.779179179179,58.5811777705439,458.228228228228,54.3028787825246
,,,,530.578678678679,58.6013400726611,458.8998998999,54.3274956281303
,,,,531.378178178178,58.6213582420528,459.571571571572,54.3519947637135
,,,,532.177677677678,58.6412325135723,460.243243243243,54.3763763524461
,,,,532.977177177177,58.6609631218393,460.914914914915,54.4006405573589
,,,,533.776676676677,58.6805503012399,461.586586586587,54.4247875413418
,,,,534.576176176176,58.6999942859274,462.258258258258,54.448817467144
,,,,535.375675675676,58.719295309822,462.92992992993,54.4727304973738
,,,,536.175175175175,58.738453606611,463.601601601602,54.496526794499
,,,,536.974674674675,58.757469409749,464.273273273273,54.5202065208468
,,,,537,58.758069437592,464.944944944945,54.5437698386041
,,,,537.774174174174,58.7763429524583,465,54.5456961011835
,,,,538.573673673674,58.7950744677288,465.616616616617,54.5672169098172
,,,,539.373173173173,58.8136641883182,466.288288288288,54.5905478963923
,,,,540.172672672673,58.8321123467523,466.95995995996,54.6137629600955
,,,,540.972172172172,58.850419175325,467.631631631632,54.6368622625525
,,,,541.771671671672,58.8685849060987,468.303303303303,54.6598459652493
,,,,542.571171171171,58.8866097709043,468.974974974975,54.6827142295319
,,,,543.370670670671,58.9044940013413,469.646646646647,54.7054672166064
,,,,544.17017017017,58.9222378287781,470.318318318318,54.7281050875393
,,,,544.96966966967,58.9398414843522,470.98998998999,54.7506280032574
,,,,545.769169169169,58.9573051989704,471.661661661662,54.7730361245479
,,,,546.568668668669,58.9746292033086,472.333333333333,54.7953296120586
,,,,547.368168168168,58.9918137278124,473.005005005005,54.8175086262979
,,,,548.167667667668,59.0088590026972,473.676676676677,54.8395733276349
,,,,548.967167167167,59.0257652579483,474.348348348348,54.8615238762995
,,,,549.766666666667,59.0425327233207,475.02002002002,54.8833604323826
,,,,550.566166166166,59.05916162834,475.691691691692,54.905083155836
,,,,551.365665665666,59.0756522023021,476.363363363363,54.9266922064724
,,,,552.165165165165,59.0920046742733,477.035035035035,54.948187743966
,,,,552.964664664665,59.1082192730908,477.706706706707,54.969569927852
,,,,553.764164164164,59.1242962273626,478.378378378378,54.9908389175271
,,,,554.563663663664,59.1402357654678,479.05005005005,55.0119948722492
,,,,555,59.1488770757865,479.721721721722,55.0330379511379
,,,,555.363163163163,59.1560381155566,480.393393393393,55.0539683131744
,,,,556.162662662663,59.1717035055508,481.065065065065,55.0747861172015
,,,,556.962162162162,59.1872321631437,481.736736736737,55.0954915219239
,,,,557.761661661662,59.2026243158001,482.408408408408,55.1160846859079
,,,,558.561161161161,59.217880190757,483.08008008008,55.1365657675823
,,,,559.360660660661,59.2330000150233,483.751751751752,55.1569349252372
,,,,560.16016016016,59.2479840153801,484.423423423424,55.1771923170255
,,,,560.95965965966,59.2628324183811,485.095095095095,55.197338100962
,,,,561.759159159159,59.2775454503523,485.766766766767,55.2173724349238
,,,,562.558658658659,59.2921233373926,486.438438438439,55.2372954766506
,,,,563.358158158158,59.3065663053737,487,55.2538671395688
,,,,564.157657657658,59.3208745799404,487.11011011011,55.2571073837442
,,,,564.957157157157,59.3350483865108,487.781781781782,55.2768083136695
,,,,565.756656656657,59.3490879502762,488.453453453454,55.2963984237536
,,,,566.556156156156,59.3629934962017,489.125125125125,55.3158778711866
,,,,567.355655655656,59.3767652490259,489.796796796797,55.3352468130214
,,,,568.155155155155,59.3904034332614,490.468468468469,55.3545054061738
,,,,568.954654654655,59.403908273195,491.14014014014,55.3736538074226
,,,,569.754154154154,59.4172799928874,491.811811811812,55.3926921734097
,,,,570.553653653654,59.430518816174,492.483483483484,55.4116206606402
,,,,571.353153153153,59.4436249666646,493.155155155155,55.4304394254826
,,,,572.152652652653,59.4565986677436,493.826826826827,55.4491486241686
,,,,572.952152152152,59.4694401425706,494.498498498499,55.4677484127933
,,,,573.751651651652,59.48214961408,495.17017017017,55.4862389473156
,,,,574.551151151151,59.4947273049816,495.841841841842,55.5046203835579
,,,,575,59.501730899383,496.513513513514,55.5228928772061
,,,,575.350650650651,59.5071734377603,497.185185185185,55.5410565838103
,,,,576.15015015015,59.5194882346768,497.856856856857,55.5591116587842
,,,,576.94964964965,59.5316719177675,498.528528528529,55.5770582574056
,,,,577.749149149149,59.5437247088445,499.2002002002,55.5948965348163
,,,,578.548648648649,59.5556468294962,499.871871871872,55.6126266460223
,,,,579.348148148148,59.5674385010868,500.543543543544,55.6302487458939
,,,,580.147647647648,59.5790999447574,501.215215215215,55.6477629891656
,,,,580.947147147147,59.5906313814252,501.886886886887,55.6651695304364
,,,,581.746646646647,59.6020330317843,502.558558558559,55.6824685241697
,,,,582.546146146146,59.6133051163056,503.23023023023,55.6996601246937
,,,,583.345645645646,59.6244478552371,503.901901901902,55.716744486201
,,,,584.145145145145,59.6354614686038,504.573573573574,55.7337217627493
,,,,584.944644644645,59.6463461762084,505.245245245245,55.7505921082607
,,,,585.744144144144,59.6571021976307,505.916916916917,55.7673556765227
,,,,586.543643643644,59.6677297522286,506,55.7694218491825
,,,,587.343143143143,59.6782290591375,506.588588588589,55.7840126211876
,,,,588.142642642643,59.6886003372709,507.26026026026,55.8005630957727
,,,,588.942142142142,59.6988438053207,507.931931931932,55.8170072536608
,,,,589.741641641642,59.7089596817568,508.603603603604,55.8333452480996
,,,,590.541141141141,59.7189481848279,509.275275275275,55.8495772322026
,,,,591.340640640641,59.728809532561,509.946946946947,55.8657033589485
,,,,592,59.7368468137288,510.618618618619,55.8817237811814
,,,,592.14014014014,59.7385439427624,511.29029029029,55.8976386516115
,,,,592.93963963964,59.748151633017,511.961961961962,55.9134481228142
,,,,593.739139139139,59.757632820689,512.633633633634,55.929152347231
,,,,594.538638638639,59.7669877229219,513.305305305305,55.9447514771693
,,,,595.338138138138,59.7762165566387,513.976976976977,55.9602456648024
,,,,596.137637637638,59.785319538542,514.648648648649,55.9756350621696
,,,,596.937137137137,59.7942968851143,515.32032032032,55.9909198211765
,,,,597.736636636637,59.8031488126179,515.991991991992,56.0061000935948
,,,,598.536136136136,59.8118755370953,516.663663663664,56.0211760310626
,,,,599.335635635636,59.8204772743694,517.335335335335,56.0361477850844
,,,,600.135135135135,59.8289542400434,518.007007007007,56.0510155070311
,,,,600.934634634635,59.8373066495011,518.678678678679,56.0657793481404
,,,,601.734134134134,59.8455347179073,519.35035035035,56.0804394595164
,,,,602.533633633634,59.8536386602075,520.022022022022,56.0949959921302
,,,,603.333133133133,59.8616186911284,520.693693693694,56.1094490968195
,,,,604.132632632633,59.8694750251779,521.365365365365,56.1237989242891
,,,,604.932132132132,59.8772078766454,522.037037037037,56.1380456251108
,,,,605.731631631632,59.8848174596018,522.708708708709,56.1521893497234
,,,,606.531131131131,59.8923039879,523.38038038038,56.1662302484329
,,,,607.330630630631,59.8996676751743,524.052052052052,56.1801684714126
,,,,608.13013013013,59.9069087348417,524.723723723724,56.1940041687033
,,,,608.92962962963,59.9140273801008,525,56.1996654320533
,,,,609.729129129129,59.921023823933,525.395395395395,56.2077374902129
,,,,610.528628628629,59.9278982791022,526.067067067067,56.2213685857171
,,,,611.328128128128,59.934650958155,526.738738738739,56.2348976048591
,,,,612.127627627628,59.9412820734206,527.41041041041,56.2483246971499
,,,,612.927127127127,59.9477918370117,528.082082082082,56.2616500119681
,,,,613.726626626627,59.9541804608238,528.753753753754,56.2748736985603
,,,,614.526126126126,59.960448156536,529.425425425425,56.2879959060411
,,,,615,59.9641061091351,530.097097097097,56.3010167833929
,,,,615.325625625626,59.9665951356108,530.768768768769,56.3139364794665
,,,,616.125125125125,59.9726216092943,531.440440440441,56.3267551429808
,,,,616.924624624625,59.9785277886167,532.112112112112,56.3394729225229
,,,,617.724124124124,59.9843138843919,532.783783783784,56.3520899665485
,,,,618.523623623624,59.9899801072181,533.455455455456,56.3646064233814
,,,,619.323123123123,59.9955266674779,534.127127127127,56.3770224412143
,,,,620.122622622623,60.0009537753381,534.798798798799,56.3893381681085
,,,,620.922122122122,60.0062616407505,535.470470470471,56.4015537519937
,,,,621.721621621622,60.0114504734514,536.142142142142,56.4136693406688
,,,,622.521121121121,60.0165204829621,536.813813813814,56.4256850818013
,,,,623.320620620621,60.0214718785891,537.485485485486,56.4376011229279
,,,,624.12012012012,60.0263048694242,538.157157157157,56.4494176114542
,,,,624.91961961962,60.0310196643445,538.828828828829,56.4611346946549
,,,,625.719119119119,60.0356164720128,539.500500500501,56.4727525196741
,,,,626.518618618619,60.0400955008776,540.172172172172,56.4842712335251
,,,,627.318118118118,60.0444569591733,540.843843843844,56.4956909830906
,,,,628.117617617618,60.0487010549204,541.515515515516,56.5070119151229
,,,,628.917117117117,60.0528279959257,542.187187187187,56.5182341762437
,,,,629.716616616617,60.0568379897821,542.858858858859,56.5293579129444
,,,,630.516116116116,60.0607312438695,543.530530530531,56.5403832715861
,,,,631.315615615616,60.064507965354,544.202202202202,56.5513103984
,,,,632,60.0676484836845,544.873873873874,56.5621394394867
,,,,632.115115115115,60.0681683611889,545,56.5641619840156
,,,,632.914614614615,60.0717126381145,545.545545545546,56.5728705408172
,,,,633.714114114114,60.0751410026581,546.217217217217,56.5835038482324
,,,,634.513613613614,60.0784536611345,546.888888888889,56.5940395074434
,,,,635.313113113113,60.0816508196458,547.560560560561,56.6044776640316
,,,,636.112612612613,60.084732684082,548.232232232232,56.6148184634486
,,,,636.912112112112,60.0876994601208,548.903903903904,56.6250620510164
,,,,637.711611611612,60.0905513532278,549.575575575576,56.6352085719277
,,,,638.511111111111,60.0932885686568,550.247247247247,56.6452581712455
,,,,639.310610610611,60.0959113114498,550.918918918919,56.6552109939037
,,,,640.11011011011,60.0984197864374,551.590590590591,56.6650671847067
,,,,640.90960960961,60.1008141982386,552.262262262262,56.6748268883301
,,,,641.709109109109,60.1030947512613,552.933933933934,56.6844902493199
,,,,642.508608608609,60.1052616497022,553.605605605606,56.6940574120936
,,,,643.308108108108,60.1073150975473,554.277277277277,56.7035285209395
,,,,644.107607607608,60.1092552985714,554.948948948949,56.7129037200171
,,,,644.907107107107,60.1110824563391,555.620620620621,56.7221831533572
,,,,645.706606606607,60.1127967742044,556.292292292292,56.7313669648619
,,,,646.506106106106,60.1143984553109,556.963963963964,56.7404552983046
,,,,647.305605605606,60.1158877025921,557.635635635636,56.7494482973305
,,,,648.105105105105,60.1172647187716,558.307307307307,56.758346105456
,,,,648.904604604605,60.118529706363,558.978978978979,56.7671488660695
,,,,649.704104104104,60.1196828676705,559.650650650651,56.775856722431
,,,,650.503603603604,60.1207244047884,560.322322322322,56.7844698176724
,,,,651.303103103103,60.1216545196019,560.993993993994,56.7929882947973
,,,,652.102602602603,60.1224734137869,561.665665665666,56.8014122966815
,,,,652.902102102102,60.1231812888103,562.337337337337,56.8097419660729
,,,,653.701601601602,60.1237783459301,563.009009009009,56.8179774455915
,,,,654.501101101101,60.1242647861955,563.680680680681,56.8261188777296
,,,,655,60.1245123707872,564.352352352352,56.8341664048516
,,,,655.300600600601,60.1246408104471,565,56.8418372980893
,,,,656.1001001001,60.1249066193171,565.024024024024,56.8421201691947
,,,,656.8995995996,60.1250624132295,565.695695695696,56.8499803128682
,,,,657.699099099099,60.1251083924,566.367367367367,56.8577469778544
,,,,658.498598598599,60.1250447568366,567.039039039039,56.8654203060079
,,,,659.298098098098,60.1248717063393,567.710710710711,56.8730004390562
,,,,660.097597597598,60.1245894405004,568.382382382383,56.8804875185996
,,,,660.897097097097,60.1241981587049,569.054054054054,56.8878816861114
,,,,661.696596596597,60.1236980601302,569.725725725726,56.8951830829378
,,,,662.496096096096,60.1230893437468,570.397397397398,56.902391850298
,,,,663.295595595596,60.1223722083179,571.069069069069,56.9095081292846
,,,,664.095095095095,60.1215468524001,571.740740740741,56.9165320608633
,,,,664.894594594595,60.1206134743429,572.412412412413,56.923463785873
,,,,665.694094094094,60.1195722722896,573.084084084084,56.9303034450263
,,,,666.493593593594,60.1184234441769,573.755755755756,56.937051178909
,,,,667.293093093093,60.1171671877353,574.427427427427,56.9437071279807
,,,,668.092592592593,60.115803700489,575.099099099099,56.9502714325745
,,,,668.892092092092,60.1143331797566,575.770770770771,56.9567442328973
,,,,669.691591591592,60.1127558226506,576.442442442442,56.9631256690299
,,,,670.491091091091,60.111071826078,577.114114114114,56.9694158809268
,,,,671.290590590591,60.1092813867402,577.785785785786,56.9756150084166
,,,,672,60.107603730941,578.457457457458,56.9817231912021
,,,,672.09009009009,60.1073847011335,579.129129129129,56.98774056886
,,,,672.88958958959,60.1053819655487,579.800800800801,56.9936672808414
,,,,673.689089089089,60.1032733760717,580.472472472473,56.9995034664718
,,,,674.488588588589,60.1010591285836,581.144144144144,57.0052492649507
,,,,675.288088088088,60.0987394187608,581.815815815816,57.0109048153525
,,,,676.087587587588,60.0963144420749,582.487487487488,57.016470256626
,,,,676.887087087087,60.0937843937934,583.159159159159,57.0219457275947
,,,,677.686586586587,60.0911494689792,583.830830830831,57.0273313669566
,,,,678.486086086086,60.0884098624914,584.502502502503,57.0326273132848
,,,,679.285585585586,60.0855657689849,585,57.0364922050703
,,,,680.085085085085,60.082617382911,585.174174174174,57.0378337050271
,,,,680.884584584585,60.0795648985171,585.845845845846,57.0429506805063
,,,,681.684084084084,60.0764085098474,586.517517517518,57.0479783779204
,,,,682.483583583584,60.0731484107425,587.189189189189,57.0529169353424
,,,,683.283083083083,60.06978479484,587.860860860861,57.0577664907203
,,,,684.082582582583,60.0663178555743,588.532532532533,57.0625271818779
,,,,684.882082082082,60.0627477861769,589.204204204204,57.067199146514
,,,,685.681581581582,60.0590747796768,589.875875875876,57.0717825222029
,,,,686.481081081081,60.0552990289002,590.547547547548,57.0762774463946
,,,,687.280580580581,60.051420726471,591.219219219219,57.0806840564145
,,,,688.08008008008,60.0474400648105,591.890890890891,57.0850024894639
,,,,688.87957957958,60.0433572361384,592.562562562563,57.0892328826198
,,,,689.679079079079,60.039172432472,593.234234234234,57.0933753728351
,,,,690.478578578579,60.0348858456269,593.905905905906,57.0974300969386
,,,,691.278078078078,60.0304976672171,594.577577577578,57.1013971916351
,,,,692.077577577578,60.026008088655,595.249249249249,57.1052767935056
,,,,692.877077077077,60.0214173011516,595.920920920921,57.1090690390072
,,,,693.676576576577,60.0167254957169,596.592592592593,57.1127740644734
,,,,694.476076076076,60.0119328631594,597.264264264264,57.1163920061139
,,,,695,60.0087375849735,597.935935935936,57.119923000015
,,,,695.275575575576,60.0070395940872,598.607607607608,57.1233671821393
,,,,696.075075075075,60.0020458789072,599.279279279279,57.1267246883262
,,,,696.874574574575,59.996951907826,599.950950950951,57.1299956542917
,,,,697.674074074074,59.9917578708495,600,57.1302311307889
,,,,698.473573573574,59.9864639577835,600.622622622623,57.1331802156284
,,,,699.273073073073,59.9810703582335,601.294294294294,57.1362785078061
,,,,700.072572572573,59.9755772616049,601.965965965966,57.1392906661712
,,,,700.872072072072,59.9699848571035,602.637637637638,57.1422168259472
,,,,701.671571571572,59.9642933337352,603.309309309309,57.1450571222347
,,,,702.471071071071,59.9585028803064,603.980980980981,57.1478116900115
,,,,703.270570570571,59.9526136854241,604.652652652653,57.1504806641325
,,,,704.07007007007,59.9466259374959,605.324324324324,57.15306417933
,,,,704.86956956957,59.9405398247306,605.995995995996,57.1555623702138
,,,,705.669069069069,59.9343555351378,606.667667667668,57.1579753712711
,,,,706.468568568569,59.9280732565283,607.339339339339,57.1603033168666
,,,,707.268068068068,59.9216931765142,608.011011011011,57.1625463412427
,,,,708.067567567568,59.9152154825093,608.682682682683,57.1647045785195
,,,,708.867067067067,59.908640361729,609.354354354354,57.166778162695
,,,,709.666566566567,59.9019680011902,610.026026026026,57.168767227645
,,,,710.466066066066,59.8951985877121,610.697697697698,57.1706719071233
,,,,711.265565565566,59.8883323079158,611.369369369369,57.1724923347617
,,,,712.065065065065,59.8813693482246,612.041041041041,57.1742286440702
,,,,712.864564564565,59.8743098948644,612.712712712713,57.1758809684368
,,,,713.664064064064,59.8671541338634,613.384384384384,57.1774494411281
,,,,714.463563563564,59.8599022510526,614.056056056056,57.1789341952889
,,,,715.263063063063,59.8525544320658,614.727727727728,57.1803353639424
,,,,716.062562562563,59.8451108623398,615.399399399399,57.1816530799904
,,,,716.862062062062,59.8375717271146,616.071071071071,57.1828874762132
,,,,717.661561561562,59.8299372114334,616.742742742743,57.18403868527
,,,,718.461061061061,59.8222075001428,617.414414414415,57.1851068396985
,,,,719.260560560561,59.8143827778931,618.086086086086,57.1860920719155
,,,,720.06006006006,59.8064632291382,618.757757757758,57.1869945142166
,,,,720.85955955956,59.7984490381359,619.42942942943,57.1878142987763
,,,,721.659059059059,59.7903403889481,620.101101101101,57.1885515576483
,,,,722,59.7868538284496,620.772772772773,57.1892064227656
,,,,722.458558558559,59.7821374654408,621.444444444445,57.1897790259401
,,,,723.258058058058,59.7738404512843,622.116116116116,57.1902694988633
,,,,724.057557557558,59.7654495299535,622.787787787788,57.1906779731061
,,,,724.857057057057,59.7569648847277,623.45945945946,57.1910045801186
,,,,725.656556556557,59.7483866986912,624.131131131131,57.1912494512309
,,,,726.456056056056,59.7397151547331,624.802802802803,57.1914127176523
,,,,727.255555555556,59.7309504355475,625,57.1914451741162
,,,,728.055055055055,59.7220927236337,625.474474474475,57.1914945104722
,,,,728.854554554555,59.7131422012966,626.146146146146,57.1914949606594
,,,,729.654054054054,59.7040990506463,626.817817817818,57.191414199063
,,,,730.453553553554,59.6949634535986,627.48948948949,57.1912523564117
,,,,731.253053053053,59.6857355918753,628.161161161161,57.1910095633145
,,,,732.052552552553,59.676415647004,628.832832832833,57.1906859502603
,,,,732.852052052052,59.6670038003183,629.504504504505,57.1902816476184
,,,,733.651551551552,59.6575002329582,630.176176176176,57.1897967856382
,,,,734.451051051051,59.64790512587,630.847847847848,57.1892314944496
,,,,735.250550550551,59.6382186598066,631.51951951952,57.1885859040627
,,,,736.05005005005,59.6284410153274,632.191191191191,57.1878601443684
,,,,736.84954954955,59.6185723727988,632.862862862863,57.187054345138
,,,,737.649049049049,59.6086129123942,633.534534534535,57.1861686360235
,,,,738.448548548549,59.5985628140939,634.206206206206,57.1852031465577
,,,,739.248048048048,59.5884222576857,634.877877877878,57.1841580061542
,,,,740.047547547548,59.5781914227647,635.54954954955,57.1830333441075
,,,,740.847047047047,59.5678704887336,636.221221221221,57.181829289593
,,,,741.646546546547,59.5574596348026,636.892892892893,57.1805459716673
,,,,742.446046046046,59.5469590399901,637.564564564565,57.1791835192681
,,,,743.245545545546,59.5363688831222,638.236236236236,57.1777420612142
,,,,744.045045045045,59.5256893428333,638.907907907908,57.1762217262059
,,,,744.844544544545,59.514920597566,639.57957957958,57.1746226428247
,,,,745.644044044044,59.5040628255714,640.251251251251,57.1729449395336
,,,,746.443543543544,59.493116204909,640.922922922923,57.1711887446772
,,,,747.243043043043,59.4820809134474,641.594594594595,57.1693541864817
,,,,748.042542542543,59.4709571288636,642.266266266266,57.1674413930549
,,,,748.842042042042,59.459745028644,642.937937937938,57.1654504923864
,,,,749.641541541542,59.4484447900839,643.60960960961,57.1633816123477
,,,,750.441041041041,59.437056590288,644.281281281281,57.1612348806922
,,,,751.240540540541,59.4255806061706,644.952952952953,57.1590104250552
,,,,752.04004004004,59.4140170144552,645.624624624625,57.1567083729542
,,,,752.83953953954,59.4023659916755,646.296296296296,57.1543288517889
,,,,753.639039039039,59.3906277141747,646.967967967968,57.1518719888411
,,,,754.438538538539,59.3788023581064,647.63963963964,57.1493379112749
,,,,755.238038038038,59.3668900994339,648.311311311311,57.146726746137
,,,,756.037537537538,59.3548911139312,648.982982982983,57.1440386203564
,,,,756.837037037037,59.3428055771827,649.654654654655,57.1412736607446
,,,,757.636536536537,59.3306336645832,650.326326326326,57.1384319939958
,,,,758.436036036036,59.3183755513385,650.997997997998,57.135513746687
,,,,759.235535535536,59.3060314124653,651.66966966967,57.1325190452778
,,,,760.035035035035,59.2936014227909,652.341341341341,57.1294480161108
,,,,760.834534534535,59.2810857569544,653,57.1263624831493
,,,,761.634034034034,59.2684845894058,653.013013013013,57.1263007854115
,,,,762.433533533534,59.2557980944068,653.684684684685,57.1230774792883
,,,,763.233033033033,59.2430264460305,654.356356356356,57.1197782237328
,,,,764.032532532533,59.2301698181619,655.028028028028,57.1164031446198
,,,,764.832032032032,59.2172283844979,655.6996996997,57.1129523677073
,,,,765.631531531532,59.2042023185475,656.371371371371,57.1094260186366
,,,,766.431031031031,59.1910917936316,657.043043043043,57.1058242229324
,,,,767.230530530531,59.1778969828838,657.714714714715,57.1021471060029
,,,,768.03003003003,59.16461805925,658.386386386386,57.0983947931399
,,,,768.82952952953,59.1512551954887,659.058058058058,57.0945674095187
,,,,769.629029029029,59.1378085641711,659.72972972973,57.0906650801984
,,,,770.428528528529,59.1242783376816,660.401401401401,57.086687930122
,,,,771.228028028028,59.1106646882172,661.073073073073,57.0826360841161
,,,,772.027527527528,59.0969677877885,661.744744744745,57.0785096668914
,,,,772.827027027027,59.0831878082192,662.416416416416,57.0743088030427
,,,,773.626526526527,59.0693249211465,663.088088088088,57.0700336170488
,,,,774.426026026026,59.0553792980213,663.75975975976,57.0656842332725
,,,,775.225525525526,59.0413511101082,664.431431431432,57.0612607759612
,,,,776.025025025025,59.0272405284857,665.103103103103,57.0567633692464
,,,,776.824524524525,59.0130477240464,665.774774774775,57.0521921371439
,,,,777.624024024024,58.9987728674969,666.446446446447,57.0475472035544
,,,,778.423523523524,58.9844161293584,667.118118118118,57.0428286922626
,,,,779.223023023023,58.9699776799665,667.78978978979,57.0380367269383
,,,,780.022522522523,58.9554576894712,668.461461461462,57.0331714311358
,,,,780.822022022022,58.9408563278374,669.133133133133,57.0282329282941
,,,,781.621521521522,58.9261737648451,669.804804804805,57.0232213417374
,,,,782.421021021021,58.9114101700889,670.476476476477,57.0181367946744
,,,,783.220520520521,58.896565712979,671.148148148148,57.012979410199
,,,,784.02002002002,58.8816405627407,671.81981981982,57.0077493112905
,,,,784.81951951952,58.8666348884148,672.491491491492,57.0024466208128
,,,,785.619019019019,58.8515488588577,673.163163163163,56.9970714615155
,,,,786.418518518519,58.8363826427416,673.834834834835,56.9916239560333
,,,,787.218018018018,58.8211364085544,677,56.9649832471631
,,,,816,58.2203862566591,696,56.7720659879901
