delta_em,D_over_H,Y_p,Li7_over_H,Be7_over_H,D_z,Y_z,Li_z,passes_D,passes_Y,passes_Li,passes_all
-0.02,2.688781251406801e-05,0.24609,1.5823428913294895e-11,1.53065144715146e-11,5.392708380226695,0.04226804123711275,4.586341002796939,False,True,False,False
-0.0199,2.6875312587707078e-05,0.246095,1.6102776077831202e-11,1.5561167066801165e-11,5.351041959023592,0.04175257731958646,4.577329803940928,False,True,False,False
-0.0198,2.686281847246072e-05,0.2461,1.6387054843397993e-11,1.5820056285938757e-11,5.309394908202398,0.041237113402060176,4.56815952118071,False,True,False,False
-0.0197,2.6850330165627387e-05,0.246105,1.66763522725891e-11,1.6083252613116394e-11,5.267767218757958,0.04072164948453675,4.558827346045512,False,True,False,False
-0.0196,2.6837847664506798e-05,0.24611,1.6970756965003298e-11,1.6350827705159814e-11,5.226158881689325,0.04020618556701046,4.549330420483765,False,True,False,False
-0.0195,2.6825370966399927e-05,0.246115,1.7270359084378655e-11,1.6622854411040583e-11,5.184569887999757,0.039690721649484166,4.539665835987785,False,True,False,False
-0.0194,2.6812900068608997e-05,0.24612,1.7575250386205888e-11,1.68994067917096e-11,5.143000228696654,0.03917525773195788,4.529830632703035,False,True,False,False
-0.0193,2.680043496843749e-05,0.246125,1.7885524245829147e-11,1.71805601402607e-11,5.1014498947916325,0.03865979381443159,4.51982179852164,False,True,False,False
-0.0192,2.6787975663190138e-05,0.24613000000000002,1.820127568704301e-11,1.7466391002429642e-11,5.0599188773004595,0.038144329896905305,4.509636268159903,False,True,False,False
-0.0191,2.6775522150172926e-05,0.246135,1.852260141119419e-11,1.775697719743413e-11,5.018407167243085,0.03762886597938188,4.499270922219542,False,True,False,False
-0.019,2.67630744266931e-05,0.24614,1.884959982679715e-11,1.8052397839160643e-11,4.976914755643671,0.03711340206185559,4.488722586232349,False,True,False,False
-0.0189,2.675063249005914e-05,0.246145,1.9182371079672412e-11,1.835273335770361e-11,4.935441633530465,0.0365979381443293,4.477988029687986,False,True,False,False
-0.0188,2.67381963375808e-05,0.24615,1.9521017083617087e-11,1.865806552126305e-11,4.8939877919359995,0.03608247422680301,4.467063965044609,False,True,False,False
-0.0187,2.6725765966569064e-05,0.246155,1.9865641551616654e-11,1.896847745840646e-11,4.85255322189688,0.03556701030927672,4.455947046722043,False,True,False,False
-0.0186,2.671334137433618e-05,0.24616000000000002,2.0216350027607998e-11,1.9284053680701044e-11,4.811137914453938,0.035051546391750434,4.444633870077161,False,True,False,False
-0.0185,2.6700922558195638e-05,0.246165,2.0573249918802945e-11,1.960488010572255e-11,4.769741860652125,0.03453608247422701,4.433120970361195,False,True,False,False
-0.0184,2.6688509515462183e-05,0.24617,2.0936450528582655e-11,1.9931044080446844e-11,4.728365051540609,0.034020618556700716,4.421404821658624,False,True,False,False
-0.0183,2.6676102243451796e-05,0.246175,2.1306063089972575e-11,2.0262634405030682e-11,4.687007478172654,0.03350515463917443,4.409481835807336,False,True,False,False
-0.0182,2.6663700739481725e-05,0.24618,2.168220079970848e-11,2.0599741356988063e-11,4.645669131605749,0.03298969072164814,4.397348361299726,False,True,False,False
-0.0181,2.6651305000870445e-05,0.24618500000000001,2.206497885290379e-11,2.094245671576888e-11,4.604350002901484,0.03247422680412185,4.385000682164393,False,True,False,False
-0.018,2.6638915024937698e-05,0.24619,2.245451447832906e-11,2.1290873787746442e-11,4.563050083125659,0.03195876288659842,4.372435016828094,False,True,False,False
-0.0179,2.6626530809004453e-05,0.246195,2.2850926974314083e-11,2.1645087431620632e-11,4.521769363348176,0.031443298969072137,4.35964751695761,False,True,False,False
-0.0178,2.661415235039294e-05,0.2462,2.3254337745284068e-11,2.200519408424391e-11,4.480507834643137,0.030927835051545845,4.346634266281159,False,True,False,False
-0.0177,2.660177964642662e-05,0.246205,2.3664870338940603e-11,2.2371291786876707e-11,4.439265488088733,0.030412371134019556,4.333391279389012,False,True,False,False
-0.0176,2.6589412694430207e-05,0.24621,2.4082650484099166e-11,2.2743480211879864e-11,4.398042314767355,0.029896907216493268,4.31991450051293,False,True,False,False
-0.0175,2.657705149172966e-05,0.24621500000000002,2.4507806129194498e-11,2.3121860689851006e-11,4.356838305765529,0.02938144329896698,4.3061998022840475,False,True,False,False
-0.0174,2.656469603565217e-05,0.24622,2.494046748146589e-11,2.3506536237212402e-11,4.315653452173904,0.028865979381443554,4.2922429844688414,False,True,False,False
-0.0173,2.655234632352619e-05,0.246225,2.5380767046834046e-11,2.389761158425786e-11,4.2744877450873044,0.028350515463917265,4.278039772682773,False,True,False,False
-0.0172,2.6540002352681394e-05,0.24623,2.582883967048218e-11,2.4295193203666165e-11,4.233341175604646,0.027835051546390974,4.2635858170812195,False,True,False,False
-0.0171,2.6527664120448714e-05,0.246235,2.6284822578153337e-11,2.4699389339488978e-11,4.1922137348290445,0.027319587628864685,4.248876691027311,False,True,False,False
-0.017,2.6515331624160308e-05,0.24624000000000001,2.6748855418176906e-11,2.511031003662086e-11,4.151105413867693,0.026804123711338397,4.233907889736229,False,True,False,False
-0.0169,2.6503004861149583e-05,0.246245,2.7221080304236943e-11,2.5528067170759792e-11,4.110016203831941,0.02628865979381497,4.218674828895582,False,True,False,False
-0.0168,2.6490683828751192e-05,0.24625,2.7701641858895595e-11,2.595277447886587e-11,4.068946095837305,0.025773195876288683,4.203172843261432,False,True,False,False
-0.0167,2.647836852430101e-05,0.246255,2.819068725788501e-11,2.638454759012704e-11,4.027895081003367,0.025257731958762394,4.187397185229515,False,True,False,False
-0.0166,2.646605894513617e-05,0.24626,2.8688366275180902e-11,2.6823504057439807e-11,3.9868631504538996,0.024742268041236106,4.171343023381261,False,True,False,False
-0.0165,2.645375508859503e-05,0.246265,2.919483132887212e-11,2.7269763389413683e-11,3.945850295316763,0.024226804123709814,4.155005441004124,False,True,False,False
-0.0164,2.6441456952017186e-05,0.24627000000000002,2.971023752783978e-11,2.772344708290824e-11,3.9048565067239527,0.023711340206183526,4.138379434585813,False,True,False,False
-0.0163,2.6429164532743472e-05,0.246275,3.023474271926068e-11,2.818467865611133e-11,3.8638817758115724,0.0231958762886601,4.121459912281913,False,True,False,False
-0.0162,2.6416877828115965e-05,0.24628,3.076850753694908e-11,2.8653583682167624e-11,3.822926093719884,0.02268041237113381,4.104241692356481,False,True,False,False
-0.0161,2.6404596835477965e-05,0.246285,3.131169545055226e-11,2.913028982336678e-11,3.7819894515932146,0.022164948453607523,4.086719501595089,False,True,False,False
-0.016,2.6392321552174025e-05,0.24629,3.186447281561421e-11,2.9614926865900215e-11,3.741071840580081,0.021649484536081235,4.068887973689864,False,True,False,False
-0.0159,2.6380051975549907e-05,0.24629500000000001,3.242700892452341e-11,3.010762675519625e-11,3.700173251833021,0.021134020618554947,4.050741647596019,False,True,False,False
-0.0158,2.6367788102952636e-05,0.2463,3.2999476058359896e-11,3.060852363184298e-11,3.6592936765087845,0.020618556701031517,4.032274965859358,False,True,False,False
-0.0157,2.6355529931730453e-05,0.246305,3.3582049539657745e-11,3.1117753868109044e-11,3.618433105768176,0.02010309278350523,4.013482272914266,False,True,False,False
-0.0156,2.6343277459232823e-05,0.24631,3.417490778609883e-11,3.163545610507157e-11,3.5775915307760773,0.01958762886597894,3.99435781335165,False,True,False,False
-0.0155,2.6331030682810472e-05,0.246315,3.477823236515486e-11,3.2161771290362306e-11,3.5367689427015714,0.019072164948452652,3.974895730156295,False,True,False,False
-0.0154,2.6318789599815332e-05,0.24632,3.539220804969363e-11,3.2696842716541374e-11,3.4959653327177733,0.018556701030926364,3.9550900629131083,False,True,False,False
-0.0153,2.6306554207600573e-05,0.24632500000000002,3.6017022874567317e-11,3.3240816060109515e-11,3.4551806920019086,0.018041237113400076,3.934934745981699,False,True,False,False
-0.0152,2.6294324503520605e-05,0.24633,3.665286819419941e-11,3.3793839421169484e-11,3.4144150117353482,0.017525773195876646,3.9144236066387283,False,True,False,False
-0.0151,2.628210048493105e-05,0.246335,3.729993874118876e-11,3.435606336374722e-11,3.373668283103494,0.017010309278350358,3.8935503631874586,False,True,False,False
-0.015,2.6269882149188775e-05,0.24634,3.7958432685947766e-11,3.49276409567838e-11,3.332940497295916,0.01649484536082407,3.872308623033943,False,True,False,False
-0.0149,2.625766949365187e-05,0.246345,3.86285516973937e-11,3.550872781580941e-11,3.2922316455062273,0.01597938144329778,3.850691880729235,False,True,False,False
-0.0148,2.6245462515679653e-05,0.24635,3.931050100471132e-11,3.60994821453106e-11,3.2515417189321747,0.015463917525771493,3.8286935159770534,False,True,False,False
-0.0147,2.6233261212632675e-05,0.246355,4.000448946020606e-11,3.670006478180255e-11,3.2108707087755812,0.014948453608248065,3.806306791606256,False,True,False,False
-0.0146,2.62210655818727e-05,0.24636,4.071072960326644e-11,3.7310639237617666e-11,3.170218606242337,0.014432989690721777,3.7835248515075337,False,True,False,False
-0.0145,2.6208875620762733e-05,0.246365,4.142943772545618e-11,3.793137174542287e-11,3.1295854025424417,0.013917525773195487,3.7603407185336715,False,True,False,False
-0.0144,2.6196691326667002e-05,0.24637,4.2160833936755e-11,3.8562431303477543e-11,3.088971088890007,0.013402061855669199,3.7367472923627414,False,True,False,False
-0.0143,2.6184512696950956e-05,0.246375,4.2905142232969064e-11,3.9203989721644225e-11,3.048375656503187,0.01288659793814291,3.712737347323578,False,True,False,False
-0.0142,2.6172339728981268e-05,0.24638000000000002,4.366259056433147e-11,3.985622166816501e-11,3.0077990966042245,0.012371134020616622,3.6883035301828553,False,True,False,False
-0.0141,2.6160172420125842e-05,0.246385,4.4433410905313844e-11,4.0519304717215996e-11,2.967241400419473,0.011855670103093194,3.6634383578931016,False,True,False,False
-0.014,2.6148010767753796e-05,0.24639,4.5217839325670145e-11,4.119341939725295e-11,2.9267025591793185,0.011340206185566906,3.638134215300963,False,True,False,False
-0.0139,2.6135854769235488e-05,0.246395,4.6016116062735136e-11,4.187874924016136e-11,2.886182564118291,0.010824742268040618,3.6123833528149953,False,True,False,False
-0.0138,2.612370442194247e-05,0.2464,4.682848559499868e-11,4.257548083122403e-11,2.8456814064748963,0.010309278350514327,3.5861778840323004,False,True,False,False
-0.0137,2.6111559723247546e-05,0.246405,4.7655196716979417e-11,4.3283803859920185e-11,2.8051990774918187,0.00979381443298804,3.5595097833232443,False,True,False,False
-0.0136,2.609942067052472e-05,0.24641000000000002,4.849650261541989e-11,4.400391117156948e-11,2.76473556841573,0.00927835051546175,3.5323708833735514,False,True,False,False
-0.0135,2.6087287261149237e-05,0.246415,4.935266094682699e-11,4.4735998819835406e-11,2.724290870497457,0.008762886597938323,3.504752872683,False,True,False,False
-0.0134,2.6075159492497544e-05,0.24642,5.022393391638129e-11,4.548026612010214e-11,2.6838649749918138,0.008247422680412035,3.476647293019958,False,True,False,False
-0.0133,2.6063037361947308e-05,0.246425,5.111058835823952e-11,4.62369157037393e-11,2.6434578731576917,0.0077319587628857465,3.4480455368309832,False,True,False,False
-0.0132,2.6050920866877428e-05,0.24643,5.201289581725433e-11,4.7006153573269636e-11,2.603069556258092,0.007216494845359457,3.418938844604699,False,True,False,False
-0.0131,2.6038810004668022e-05,0.24643500000000002,5.293113263213741e-11,4.7788189158454517e-11,2.5627000155600714,0.006701030927833169,3.3893183021891153,False,True,False,False
-0.013,2.60267047727004e-05,0.24644,5.3865580020090076e-11,4.858323537331245e-11,2.5223492423346623,0.006185567010309741,3.35917483806161,False,True,False,False
-0.0129,2.601460516835713e-05,0.246445,5.481652416292839e-11,4.9391508674086194e-11,2.482017227857097,0.005670103092783453,3.3284992205506967,False,True,False,False
-0.0128,2.6002511189021955e-05,0.24645,5.578425629472847e-11,5.021322911817434e-11,2.441703963406517,0.005154639175257164,3.2972820550087585,False,True,False,False
-0.0127,2.5990422832079863e-05,0.246455,5.676907279101942e-11,5.104862042404339e-11,2.4014094402662076,0.004639175257730875,3.265513780934857,False,True,False,False
-0.0126,2.5978340094917056e-05,0.24646,5.777127525955026e-11,5.189791003213631e-11,2.36113364972352,0.004123711340204587,3.233184669046765,False,True,False,False
-0.0125,2.596626297492093e-05,0.24646500000000002,5.879117063266012e-11,5.276132916679477e-11,2.3208765830697695,0.003608247422678298,3.2002848183012857,False,True,False,False
-0.0124,2.5954191469480122e-05,0.24647,5.982907126127834e-11,5.3639112899211254e-11,2.2806382316004052,0.0030927835051548706,3.166804152861989,False,True,False,False
-0.0123,2.5942125575984463e-05,0.246475,6.088529501058445e-11,5.453150021142875e-11,2.2404185866148745,0.002577319587628582,3.1327324190134047,False,True,False,False
-0.0122,2.593006529182501e-05,0.24648,6.196016535735695e-11,5.5438734061405026e-11,2.2002176394167012,0.0020618556701022936,3.098059182020743,False,True,False,False
-0.0121,2.5918010614394026e-05,0.246485,6.305401148904063e-11,5.636106144915955e-11,2.1600353813134183,0.0015463917525760046,3.0627738229341728,False,True,False,False
-0.012,2.5905961541084984e-05,0.24649000000000001,6.416716840456252e-11,5.7298733484020526e-11,2.119871803616614,0.001030927835049716,3.0268655353366922,False,True,False,False
-0.0119,2.5893918069292583e-05,0.246495,6.529997701692833e-11,5.825200545299119e-11,2.0797268976419416,0.0005154639175262886,2.9903233220345697,False,True,False,False
-0.0118,2.588188019641271e-05,0.2465,6.645278425762944e-11,5.922113689025325e-11,2.0396006547090297,0.0,2.9531359916893725,False,True,False,False
-0.0117,2.586984791984249e-05,0.246505,6.762594318289343e-11,6.020639164782651e-11,1.9994930661416304,0.0005154639175262886,2.915292155390534,False,True,False,False
-0.0116,2.585782123698023e-05,0.24651,6.88198130818104e-11,6.120803796740441e-11,1.9594041232674355,0.0010309278350525773,2.876780223167406,False,True,False,False
-0.0115,2.5845800145225475e-05,0.246515,7.003475958636793e-11,6.222634855338433e-11,1.9193338174182493,0.001546391752578866,2.837588400439744,False,True,False,False
-0.0114,2.5833784641978952e-05,0.24652000000000002,7.127115478342896e-11,6.326160064711314e-11,1.879282139929839,0.0020618556701051545,2.797704684405517,False,True,False,False
-0.0113,2.5821774724642615e-05,0.246525,7.252937732868601e-11,6.431407610236782e-11,1.8392490821420495,0.002577319587628582,2.757116860364967,False,True,False,False
-0.0112,2.580977039061962e-05,0.24653,7.380981256262758e-11,6.53840614620919e-11,1.7992346353987352,0.0030927835051548706,2.715812497979755,False,True,False,False
-0.0111,2.579777163731433e-05,0.246535,7.511285262855178e-11,6.64718480364086e-11,1.7592387910477705,0.0036082474226811594,2.6737789474660714,False,True,False,False
-0.011,2.5785778462132312e-05,0.24654,7.643889659266318e-11,6.757773198193174e-11,1.7192615404410396,0.0041237113402074485,2.6310033357205422,False,True,False,False
-0.0109,2.577379086248034e-05,0.24654500000000001,7.778835056628983e-11,6.870201438239623e-11,1.6793028749344694,0.004639175257733737,2.587472562377747,False,True,False,False
-0.0108,2.57618088357664e-05,0.24655,7.916162783025832e-11,6.984500133062997e-11,1.6393627858879962,0.005154639175257164,2.5431732957981183,False,True,False,False
-0.0107,2.5749832379399674e-05,0.246555,8.05591489614641e-11,7.100700401188956e-11,1.5994412646655773,0.005670103092783453,2.4980919689850287,False,True,False,False
-0.0106,2.5737861490790557e-05,0.24656,8.198134196167629e-11,7.218833878858229e-11,1.5595383026351903,0.006185567010309741,2.4522147754297965,False,True,False,False
-0.0105,2.572589616735064e-05,0.246565,8.342864238861689e-11,7.338932728639797e-11,1.5196538911687993,0.00670103092783603,2.405527664883326,False,True,False,False
-0.0104,2.5713936406492717e-05,0.24657,8.490149348935355e-11,7.461029648187328e-11,1.4797880216423893,0.007216494845362319,2.358016339053111,False,True,False,False
-0.0103,2.5701982205630804e-05,0.24657500000000002,8.640034633604735e-11,7.585157879141328e-11,1.4399406854360108,0.007731958762888608,2.309666247224279,False,True,False,False
-0.0102,2.5690033562180084e-05,0.24658,8.792565996409739e-11,7.71135121617938e-11,1.4001118739336107,0.008247422680412035,2.2604625818033095,False,True,False,False
-0.0101,2.5678090473556974e-05,0.246585,8.947790151272396e-11,7.839644016216958e-11,1.3603015785232473,0.008762886597938323,2.210390273783098,False,True,False,False
-0.01,2.5666152937179076e-05,0.24659,9.105754636803327e-11,7.970071207761294e-11,1.3205097905969196,0.009278350515464611,2.159433988127959,False,True,False,False
-0.0099,2.56542209504652e-05,0.246595,9.266507830860853e-11,8.102668300420908e-11,1.2807365015506704,0.009793814432990901,2.107578119077144,False,True,False,False
-0.0098,2.5642294510835345e-05,0.2466,9.43009896536708e-11,8.237471394573291e-11,1.240981702784484,0.01030927835051719,2.0548067853654577,False,True,False,False
-0.0097,2.5630373615710727e-05,0.246605,9.596578141385545e-11,8.374517191193463e-11,1.2012453857024212,0.010824742268040618,2.0011038253595013,False,True,False,False
-0.0096,2.5618458262513736e-05,0.24661,9.765996344465083e-11,8.513843001846054e-11,1.1615275417124513,0.011340206185566906,1.9464527921080372,False,True,False,False
-0.0095,2.560654844866799e-05,0.246615,9.93840546025453e-11,8.655486758843588e-11,1.121828162226631,0.011855670103093194,1.8908369483049898,False,True,False,False
-0.0094,2.5594644171598275e-05,0.24662,1.0113858290393116e-10,8.799487025573801e-11,1.0821472386609143,0.012371134020619482,1.8342392611635108,False,True,False,False
-0.0093,2.5582745428730596e-05,0.246625,1.0292408568681382e-10,8.945883006998768e-11,1.0424847624353202,0.012886597938145773,1.776642397199554,False,True,False,False
-0.0092,2.5570852217492157e-05,0.24663000000000002,1.0474110977537574e-10,9.094714560328675e-11,1.0028407249738547,0.01340206185567206,1.7180287169233628,False,True,False,False
-0.0091,2.5558964535311326e-05,0.246635,1.0659021164744558e-10,9.246022205873208e-11,0.96321511770442,0.013917525773195487,1.6583802694372392,True,True,False,False
-0.009,2.554708237961771e-05,0.24664,1.0847195760492399e-10,9.399847138073455e-11,0.9236079320590298,0.014432989690721777,1.5976787869379354,True,True,False,False
-0.0089,2.5535205747842075e-05,0.246645,1.1038692394721783e-10,9.556231236717341e-11,0.8840191594735821,0.014948453608248065,1.5359056791220054,True,True,False,False
-0.0088,2.5523334637416402e-05,0.24665,1.1233569714773645e-10,9.715217078341659e-11,0.8444487913880073,0.015463917525774354,1.4730420274923723,True,True,False,False
-0.0087,2.5511469045773864e-05,0.246655,1.1431887403350387e-10,9.876847947823813e-11,0.8048968192462109,0.015979381443300644,1.409068579564391,True,True,False,False
-0.0086,2.5499608970348822e-05,0.24666,1.1633706196794151e-10,1.0041167850166363e-10,0.7653632344960739,0.01649484536082407,1.3439657429696286,True,True,False,False
-0.0085,2.5487754408576826e-05,0.246665,1.1839087903687808e-10,1.0208221522477684e-10,0.725848028589419,0.017010309278350358,1.2777135794555456,True,True,False,False
-0.0084,2.5475905357894627e-05,0.24667,1.204809542378433e-10,1.0378054446151907e-10,0.6863511929820891,0.017525773195876646,1.210291798779248,True,True,False,False
-0.0083,2.546406181574016e-05,0.246675,1.2260792767270308e-10,1.0550712859251511e-10,0.6468727191338691,0.018041237113402935,1.1416797524934488,True,True,False,False
-0.0082,2.5452223779552563e-05,0.24668,1.2477245074369602e-10,1.0726243769095927e-10,0.6074125985085416,0.018556701030929223,1.071856427622709,True,True,False,False
-0.0081,2.5440391246772153e-05,0.24668500000000002,1.2697518635293006e-10,1.0904694965059574e-10,0.567970822573842,0.019072164948455515,1.0008004402280624,True,True,False,False
-0.008,2.542856421484043e-05,0.24669,1.292168091054018e-10,1.108611503158279e-10,0.528547382801436,0.01958762886597894,0.9284900288580066,True,True,True,True
-0.0079,2.5416742681200113e-05,0.246695,1.3149800551559932e-10,1.1270553361399271e-10,0.4891422706670439,0.02010309278350523,0.8549030478838927,True,True,True,True
-0.0078,2.5404926643295078e-05,0.2467,1.3381947421775271e-10,1.1458060168983536e-10,0.4497554776502595,0.020618556701031517,0.7800169607176543,True,True,True,True
-0.0077,2.5393116098570403e-05,0.246705,1.361819261797962e-10,1.1648686504222126e-10,0.41038699523467487,0.021134020618557806,0.7038088329097995,True,True,True,True
-0.0076,2.5381311044472364e-05,0.24671,1.3858608492110777e-10,1.1842484266312258e-10,0.3710368149078798,0.021649484536084094,0.6262553251255557,True,True,True,True
-0.0075,2.5369511478448395e-05,0.24671500000000002,1.4103268673409236e-10,1.2039506217891694e-10,0.3317049281613156,0.022164948453610382,0.5473326859970206,True,True,True,True
-0.0074,2.535771739794715e-05,0.24672,1.4352248090967748e-10,1.2239805999403706e-10,0.29239132649050015,0.02268041237113381,0.46701674484911354,True,True,True,True
-0.0073,2.5345928800418445e-05,0.246725,1.4605622996678923e-10,1.244343814370101e-10,0.2530960013948143,0.0231958762886601,0.38528290429712136,True,True,True,True
-0.0072,2.533414568331329e-05,0.24673,1.486347098858797e-10,1.265045809089267e-10,0.2138189443776366,0.02371134020618639,0.30210613271355774,True,True,True,True
-0.0071,2.5322368044083893e-05,0.246735,1.5125871034657704e-10,1.286092220343801e-10,0.17456014694630978,0.024226804123712677,0.21746095656203088,True,True,True,True
-0.007,2.5310595880183622e-05,0.24674000000000001,1.539290349695312e-10,1.3074887781491653e-10,0.13531960061207296,0.024742268041238965,0.13132145259576805,True,True,True,True
-0.0069,2.529882918906704e-05,0.246745,1.566465015625287e-10,1.3292413078503833e-10,0.0960972968901293,0.025257731958762394,0.04366123991842856,True,True,True,True
-0.0068,2.5287067968189904e-05,0.24675,1.5941194237095296e-10,1.3513557317080257e-10,0.05689322729968005,0.025773195876288683,0.04554652809525697,True,True,True,True
-0.0067,2.5275312215009127e-05,0.246755,1.622262043326657e-10,1.373838070510582e-10,0.017707383363754964,0.02628865979381497,0.13632917202147427,True,True,True,True
-0.0066,2.5263561926982845e-05,0.24676,1.650901493373886e-10,1.3966944452136587e-10,0.021460243390516512,0.02680412371134126,0.22871449475447073,True,True,True,True
-0.0065,2.525181710157033e-05,0.246765,1.6800465449066345e-10,1.4199310786064465e-10,0.060609661432232835,0.027319587628867548,0.3227307900214018,True,True,True,True
-0.0064,2.5240077736232072e-05,0.24677000000000002,1.709706123824727e-10,1.4435542970059127e-10,0.09974087922642669,0.027835051546393836,0.41840685104750647,True,True,True,True
-0.0063,2.5228343828429716e-05,0.246775,1.739889313606022e-10,1.4675705319791813e-10,0.13885390523427962,0.028350515463917265,0.5157719793742644,True,True,True,True
-0.0062,2.5216615375626104e-05,0.24678,1.7706053580882965e-10,1.491986322094565e-10,0.1779487479129864,0.028865979381443554,0.6148559938332145,True,True,True,True
-0.0061,2.5204892375285253e-05,0.246785,1.8018636643002446e-10,1.5168083147017322e-10,0.21702541571582293,0.029381443298969842,0.7156892396782083,True,True,True,True
-0.006,2.519317482487235e-05,0.24679,1.833673805342454e-10,1.5420432677414898e-10,0.25608391709216877,0.02989690721649613,0.8183025978788838,True,True,True,True
-0.0059,2.5181462721853775e-05,0.24679500000000001,1.8660455233192416e-10,1.5676980515856711e-10,0.29512426048741663,0.03041237113402242,0.9227274945781987,True,True,True,True
-0.0058,2.5169756063697075e-05,0.2468,1.8989887323222499e-10,1.5937796509076415e-10,0.3341464543430857,0.030927835051545845,1.028995910716935,True,True,False,False
-0.0057,2.5158054847870978e-05,0.246805,1.9325135214667136e-10,1.6202951665839145e-10,0.37315050709674213,0.031443298969072137,1.1371403918281084,True,True,False,False
-0.0056,2.5146359071845387e-05,0.24681,1.966630157981334e-10,1.6472518176274121e-10,0.4121364271820446,0.03195876288659842,1.2471940580043033,True,True,False,False
-0.0055,2.5134668733091384e-05,0.246815,2.0013490903526927e-10,1.6746569431528858e-10,0.45110422302872133,0.03247422680412471,1.3591906140409442,True,True,False,False
-0.0054,2.5122983829081226e-05,0.24682,2.0366809515251858e-10,1.7025180043750326e-10,0.49005390306258184,0.032989690721651,1.4731643597586639,True,True,False,False
-0.0053,2.5111304357288345e-05,0.24682500000000002,2.0726365621574463e-10,1.7308425866398612e-10,0.5289854757055167,0.03350515463917729,1.5891502005078915,True,True,False,False
-0.0052,2.5099630315187348e-05,0.24683,2.109226933936253e-10,1.7596384014898464e-10,0.5678989493755086,0.034020618556700716,1.7071836578588806,True,True,False,False
-0.0051,2.508796170025401e-05,0.246835,2.1464632729489468e-10,1.7889132887634446e-10,0.6067943324866326,0.03453608247422701,1.8273008804804736,True,True,False,False
-0.005,2.5076298509965287e-05,0.24684,2.184356983115384e-10,1.8186752187295392e-10,0.6456716334490453,0.03505154639175329,1.9495386552109162,True,True,False,False
-0.0049,2.5064640741799312e-05,0.246845,2.2229196696804748e-10,1.848932294257395e-10,0.6845308606689612,0.035567010309279584,2.073934418324112,True,True,False,False
-0.0048,2.5052988393235377e-05,0.24685,2.262163142768378e-10,1.8796927530227147e-10,0.7233720225487439,0.03608247422680587,2.200526266994768,True,True,False,False
-0.0047,2.5041341461753956e-05,0.246855,2.3020994209994477e-10,1.910964969750395e-10,0.7621951274868154,0.0365979381443293,2.32935297096596,True,True,False,False
-0.0046,2.5029699944836686e-05,0.24686,2.3427407351710284e-10,1.9427574584946007e-10,0.8010001838777128,0.03711340206185559,2.460453984422672,True,True,False,False
-0.0045,2.5018063839966388e-05,0.246865,2.3840995320032296e-10,1.9750788749567658e-10,0.8397872001120426,0.03762886597938188,2.5938694580749337,True,True,False,False
-0.0044,2.5006433144627042e-05,0.24687,2.426188477950835e-10,2.0079380188421624e-10,0.8785561845765266,0.03814432989690816,2.729640251454307,True,True,False,False
-0.0043,2.4994807856303796e-05,0.246875,2.4690204630825025e-10,2.0413438362556762e-10,0.9173071456540127,0.038659793814434455,2.8678079454274275,True,True,False,False
-0.0042,2.498318797248298e-05,0.24688000000000002,2.512608605028445e-10,2.075305422137436e-10,0.9560400917233961,0.03917525773196074,3.008414854930468,True,True,False,False
-0.0041,2.497157349065208e-05,0.246885,2.5569662529978123e-10,2.1098320227389693e-10,0.9947550311597317,0.039690721649484166,3.1515040419284266,True,True,False,False
-0.004,2.495996440829976e-05,0.24689,2.602106991866986e-10,2.1449330381405517e-10,1.0334519723341336,0.04020618556701046,3.29711932860318,False,True,False,False
-0.0039,2.494836072291583e-05,0.246895,2.648044646340058e-10,2.1806180248104362e-10,1.0721309236138978,0.04072164948453675,3.4453053107743807,False,True,False,False
-0.0038,2.4936762431991307e-05,0.2469,2.6947932851827514e-10,2.2168966982066591e-10,1.1107918933623115,0.041237113402063034,3.5961073715572622,False,True,False,False
-0.0037,2.492516953301833e-05,0.246905,2.7423672255310924e-10,2.2537789354221365e-10,1.1494348899389013,0.041752577319589326,3.7495716952615883,False,True,False,False
-0.0036,2.491358202349023e-05,0.24691,2.7907810372761415e-10,2.2912747778737622e-10,1.188059921699229,0.04226804123711275,3.9057452815359404,False,True,False,False
-0.0035,2.4901999900901505e-05,0.246915,2.8400495475261406e-10,2.329394434036245e-10,1.2266669969949828,0.04278350515463904,4.064675959761743,False,True,False,False
-0.0034,2.489042316274781e-05,0.24692,2.8901878451474283e-10,2.36814828222143e-10,1.2652561241739666,0.04329896907216533,4.2264124037013815,False,True,False,False
-0.0033,2.4878851806525954e-05,0.246925,2.9412112853855237e-10,2.4075468734038564e-10,1.3038273115801546,0.04381443298969162,4.3910041464049145,False,True,False,False
-0.0032,2.4867285829733926e-05,0.24693,2.9931354945677903e-10,2.447600934093329e-10,1.3423805675535805,0.044329896907217906,4.558501595379968,False,True,False,False
-0.0031,2.4855725229870876e-05,0.24693500000000002,3.045976374889122e-10,2.488321369255275e-10,1.3809159004304148,0.0448453608247442,4.728956048029425,False,True,False,False
-0.003,2.4844170004437107e-05,0.24694,3.0997501092821116e-10,2.5297192652796834e-10,1.419433318542977,0.04536082474226762,4.90241970736165,False,True,False,False
-0.0029,2.48326201509341e-05,0.246945,3.1544731663732044e-10,2.5718058929994524e-10,1.457932830219668,0.04587628865979391,5.078945697978078,False,True,False,False
-0.0028,2.4821075666864476e-05,0.24695,3.210162305526341e-10,2.614592710758936e-10,1.496414443785082,0.0463917525773202,5.258588082343035,False,True,False,False
-0.0027,2.4809536549732042e-05,0.246955,3.266834581975643e-10,2.658091367533551e-10,1.534878167559861,0.04690721649484649,5.441401877340784,False,True,False,False
-0.0026,2.4798002797041738e-05,0.24696,3.3245073520487164e-10,2.702313706101285e-10,1.573324009860875,0.04742268041237278,5.627443071124891,False,True,False,False
-0.0025,2.478647440629969e-05,0.24696500000000002,3.3831982784821546e-10,2.7472717662669614e-10,1.611751979001029,0.04793814432989907,5.816768640265015,False,True,False,False
-0.0024,2.4774951375013167e-05,0.24697,3.442925335830898e-10,2.792977788140154e-10,1.650162083289446,0.048453608247422494,6.0094365671964445,False,True,False,False
-0.0023,2.4763433700690595e-05,0.246975,3.5037068159730756e-10,2.8394442154676317e-10,1.6885543310313509,0.04896907216494878,6.205505857977663,False,True,False,False
-0.0022,2.475192138084158e-05,0.24698,3.56556133371204e-10,2.8866836990212445e-10,1.7269287305280623,0.04948453608247507,6.4050365603614186,False,True,False,False
-0.0021,2.474041441297686e-05,0.246985,3.628507832477292e-10,2.9347091000421763e-10,1.7652852900771376,0.050000000000001356,6.608089782184813,False,True,False,False
-0.002,2.472891279460834e-05,0.24699000000000002,3.692565590126059e-10,2.983533493742494e-10,1.8036240179722038,0.05051546391752765,6.81472771008406,False,True,False,False
-0.0019,2.4717416523249083e-05,0.246995,3.757754224847285e-10,3.0331701728649573e-10,1.8419449225030593,0.051030927835051074,7.025013628539628,False,True,False,False
-0.0018,2.470592559641332e-05,0.247,3.824093701169858e-10,3.0836326513020503e-10,1.8802480119556066,0.051546391752577365,7.2390119392576056,False,True,False,False
-0.0017,2.4694440011616404e-05,0.247005,3.8916043360768996e-10,3.1349346677752206e-10,1.9185332946119866,0.05206185567010365,7.4567881808932235,False,True,False,False
-0.0016,2.468295976637488e-05,0.24701,3.960306805228002e-10,3.18709018957533e-10,1.9568007787503996,0.05257731958762994,7.6784090491225845,False,True,False,False
-0.0015,2.4671484858206432e-05,0.247015,4.03022214929131e-10,3.2401134163653416e-10,1.9950504726452276,0.05309278350515623,7.90394241706874,False,True,False,False
-0.0014,2.466001528462989e-05,0.24702000000000002,4.1013717803873894e-10,3.294018784046257e-10,2.0332823845670362,0.05360824742268252,8.133457356088352,False,True,False,False
-0.0013,2.4648551043165245e-05,0.247025,4.1737774886468584e-10,3.3488209686873874e-10,2.0714965227825166,0.054123711340205945,8.367024156925348,False,True,False,False
-0.0012,2.463709213133365e-05,0.24703,4.247461448883781e-10,3.404534890521999e-10,2.1096928955544985,0.054639175257732236,8.604714351238002,False,True,False,False
-0.0011,2.46256385466574e-05,0.247035,4.322446227386882e-10,3.46117571800944e-10,2.1478715111420037,0.05515463917525852,8.846600733506069,False,True,False,False
-0.001,2.4614190286659936e-05,0.24704,4.398754788830647e-10,3.518758871964851e-10,2.186032377800216,0.05567010309278481,9.092757383324669,False,True,False,False
