delta_em,li_scale,be_scale,D_over_H,Y_p,Li7_over_H,Be7_over_H,Li_total_over_H,D_z,Y_z,Li7_z,Li_total_z,passes_D,passes_Y,passes_Li7,passes_Li_total,passes_all_direct,passes_all_total
-0.0072,1.0,1.0,2.533414568331329e-05,0.24673,1.486347098858797e-10,1.265045809089267e-10,2.751392907948064e-10,0.2138189443776366,0.02371134020618639,0.30210613271355774,3.7786867998324642,True,True,True,False,True,False
-0.00719,1.0,1.0,2.5332967672927974e-05,0.2467305,1.4889504835790245e-10,1.2671348576653867e-10,2.7560853412444114e-10,0.20989224309324472,0.023762886597937585,0.2937081174870177,3.793823681433585,True,True,True,False,True,False
-0.00718,1.0,1.0,2.5331789717318864e-05,0.246731,1.4915584282112722e-10,1.269227356016939e-10,2.7607857842282116e-10,0.20596572439621236,0.023814432989691645,0.2852953928668637,3.8089864007361665,True,True,True,False,True,False
-0.00717,1.0,1.0,2.5330611816483414e-05,0.2467315,1.4941709407423716e-10,1.2713233098407523e-10,2.7654942505831237e-10,0.20203938827804657,0.023865979381442845,0.2768679330891237,3.824175001881044,True,True,True,False,True,False
-0.00716,1.0,1.0,2.532943397041908e-05,0.246732,1.496788029173145e-10,1.2734227248430615e-10,2.7702107540162066e-10,0.1981132347302657,0.023917525773196904,0.26842571234469376,3.8393895290845372,True,True,True,False,True,False
-0.00715,1.0,1.0,2.5328256179123317e-05,0.2467325,1.499409701518427e-10,1.2755256067395258e-10,2.774935308257953e-10,0.19418726374438822,0.0239690721649481,0.2599687047792674,3.8546300266385574,True,True,True,False,True,False
-0.00714,1.0,1.0,2.5327078442593577e-05,0.246733,1.502035965807093e-10,1.2776319612552423e-10,2.7796679270623355e-10,0.1902614753119211,0.02402061855670216,0.25149688449324853,3.8698965389107594,True,True,True,False,True,False
-0.00713,1.0,1.0,2.532590076082731e-05,0.2467335,1.5046668300820773e-10,1.2797417941247624e-10,2.7844086242068397e-10,0.1863358694243602,0.02407216494845336,0.24301022554168608,3.8851891103446436,True,True,True,False,True,False
-0.00712,1.0,1.0,2.5324723133821967e-05,0.246734,1.5073023024004047e-10,1.2818551110921077e-10,2.7891574134925126e-10,0.18241044607322388,0.02412371134020742,0.2345087019341783,3.900507785459718,True,True,True,False,True,False
-0.00711,1.0,1.0,2.532354556157501e-05,0.2467345,1.5099423908332116e-10,1.2839719179107847e-10,2.7939143087439966e-10,0.17848520525003053,0.024175257731958617,0.22599228763480103,3.9158526088516017,True,True,True,False,True,False
-0.0071,1.0,1.0,2.5322368044083893e-05,0.246735,1.5125871034657704e-10,1.286092220343801e-10,2.7986793238095716e-10,0.17456014694630978,0.024226804123712677,0.21746095656203088,3.931223625192166,True,True,True,False,True,False
-0.00709,1.0,1.0,2.532119058134606e-05,0.2467355,1.5152364483975163e-10,1.2882160241636817e-10,2.803452472561198e-10,0.17063527115353488,0.024278350515463877,0.20891468258865692,3.9466208792296706,True,True,True,False,True,False
-0.00708,1.0,1.0,2.5320013173358978e-05,0.246736,1.517890433742069e-10,1.2903433351524838e-10,2.8082337688945527e-10,0.16671057786325805,0.024329896907217936,0.2003534395417131,3.9620444157888794,True,True,True,False,True,False
-0.00707,1.0,1.0,2.5318835820120093e-05,0.2467365,1.520549067627262e-10,1.2924741591018132e-10,2.8130232267290753e-10,0.1627860670669751,0.024381443298969133,0.19177720120238081,3.9774942797712107,True,True,True,False,True,False
-0.00706,1.0,1.0,2.5317658521626855e-05,0.246737,1.5232123581951626e-10,1.2946085018128387e-10,2.8178208600080015e-10,0.15886173875618181,0.024432989690723193,0.183185941305927,3.9929705161548434,True,True,True,False,True,False
-0.00705,1.0,1.0,2.5316481277876733e-05,0.2467375,1.5258803136021009e-10,1.2967463690963102e-10,2.8226266826984113e-10,0.15493759292244175,0.02448453608247439,0.17457963354161,4.008473169994875,True,True,True,False,True,False
-0.00704,1.0,1.0,2.531530408886717e-05,0.246738,1.528552942018692e-10,1.2988877667725725e-10,2.8274407087912645e-10,0.15101362955722808,0.02453608247422845,0.16595825155260627,4.024002286423434,True,True,True,False,True,False
-0.00703,1.0,1.0,2.5314126954595618e-05,0.2467385,1.5312302516298626e-10,1.3010327006715818e-10,2.8322629523014445e-10,0.14708984865205924,0.02458762886597965,0.15732176893592686,4.039557910649821,True,True,True,False,True,False
-0.00702,1.0,1.0,2.531294987505954e-05,0.246739,1.533912250634876e-10,1.3031811766329224e-10,2.837093427267798e-10,0.14316625019846482,0.02463917525773371,0.14867015924233576,4.0551400879606385,True,True,True,False,True,False
-0.00701,1.0,1.0,2.531177285025639e-05,0.2467395,1.5365989472473555e-10,1.305333200505822e-10,2.8419321477531777e-10,0.1392428341879633,0.024690721649484906,0.14000339597627237,4.070748863719928,True,True,True,False,True,False
-0.007,1.0,1.0,2.5310595880183622e-05,0.24674000000000001,1.539290349695312e-10,1.3074887781491653e-10,2.846779127844477e-10,0.13531960061207296,0.024742268041238965,0.13132145259576805,4.086384283369281,True,True,True,False,True,False
-0.00699,1.0,1.0,2.5309418964838684e-05,0.2467405,1.5419864662211678e-10,1.3096479154315154e-10,2.851634381652683e-10,0.13139654946227833,0.024793814432990165,0.12262430251236196,4.10204639242801,True,True,True,False,True,False
-0.00698,1.0,1.0,2.5308242104219043e-05,0.24674100000000002,1.5446873050817811e-10,1.3118106182311237e-10,2.856497923312905e-10,0.12747368073014298,0.024845360824744225,0.1139119190910285,4.1177352364932425,True,True,True,False,True,False
-0.00697,1.0,1.0,2.5307065298322146e-05,0.2467415,1.5473928745484742e-10,1.3139768924359506e-10,2.861369766984425e-10,0.12355099440715138,0.02489690721649542,0.10518427565008308,4.13345086124008,True,True,True,False,True,False
-0.00696,1.0,1.0,2.5305888547145447e-05,0.24674200000000002,1.5501031829070542e-10,1.3161467439436786e-10,2.866249926850733e-10,0.11962849048482194,0.02494845360824948,0.0964413454611154,4.149193312421718,True,True,True,False,True,False
-0.00695,1.0,1.0,2.5304711850686412e-05,0.2467425,1.552818238457844e-10,1.3183201786617302e-10,2.871138417119574e-10,0.11570616895470687,0.025000000000000678,0.08768310174889021,4.1649626358695935,True,True,True,False,True,False
-0.00694,1.0,1.0,2.530353520894249e-05,0.24674300000000002,1.5555380495157024e-10,1.3204972025072823e-10,2.876035252022985e-10,0.111784029808302,0.02505154639175474,0.07890951769128238,4.1807588774935,True,True,True,False,True,False
-0.00693,1.0,1.0,2.530235862191113e-05,0.2467435,1.5582626244100531e-10,1.322677821407284e-10,2.880940445817337e-10,0.1078620730371031,0.025103092783505938,0.07012056641918331,4.196582083281732,True,True,True,False,True,False
-0.00692,1.0,1.0,2.53011820895898e-05,0.246744,1.560991971484909e-10,1.3248620412984715e-10,2.8858540127833807e-10,0.10394029863266244,0.025154639175257135,0.06131622101642273,4.212432299301228,True,True,True,False,True,False
-0.00691,1.0,1.0,2.530000561197595e-05,0.2467445,1.5637260990988975e-10,1.3270498681273847e-10,2.890775967226282e-10,0.10001870658649838,0.025206185567011194,0.05249645451968523,4.228309571697684,True,True,True,False,True,False
-0.0069,1.0,1.0,2.529882918906704e-05,0.246745,1.566465015625287e-10,1.3292413078503833e-10,2.8957063234756704e-10,0.0960972968901293,0.025257731958762394,0.04366123991842856,4.2442139466957105,True,True,True,False,True,False
-0.00689,1.0,1.0,2.529765282086052e-05,0.2467455,1.5692087294520109e-10,1.3314363664336634e-10,2.9006450958856746e-10,0.0921760695350623,0.025309278350516454,0.03481055015480356,4.26014547059895,True,True,True,False,True,False
-0.00688,1.0,1.0,2.5296476507353852e-05,0.246746,1.5719572489816956e-10,1.3336350498532744e-10,2.90559229883497e-10,0.08825502451283833,0.02536082474226765,0.02594435812356247,4.276104189790225,True,True,True,False,True,False
-0.00687,1.0,1.0,2.529530024854449e-05,0.2467465,1.5747105826316834e-10,1.3358373640951316e-10,2.9105479467268153e-10,0.08433416181496448,0.02541237113402171,0.017062636671988863,4.292090150731662,True,True,True,False,True,False
-0.00686,1.0,1.0,2.5294124044429888e-05,0.246747,1.577468738834062e-10,1.338043315155038e-10,2.9155120539891e-10,0.08041348143295912,0.02546391752577291,0.008165358599800089,4.308103399964838,True,True,True,False,True,False
-0.00685,1.0,1.0,2.5292947895007513e-05,0.2467475,1.5802317260356855e-10,1.3402529090386962e-10,2.9204846350743817e-10,0.07649298335837451,0.02551546391752697,0.0007475033409210894,4.324143984110909,True,True,True,False,True,False
-0.00684,1.0,1.0,2.5291771800274805e-05,0.246748,1.5829995526982054e-10,1.342466151761727e-10,2.9254657044599326e-10,0.07257266758268385,0.025567010309278167,0.009675976445824075,4.34021194987075,True,True,True,False,True,False
-0.00683,1.0,1.0,2.5290595760229236e-05,0.2467485,1.5857722272980925e-10,1.3446830493496853e-10,2.930455276647778e-10,0.0686525340974507,0.025618556701032226,0.01862008805836297,4.35630734402509,True,True,True,False,True,False
-0.00682,1.0,1.0,2.528941977486826e-05,0.246749,1.5885497583266648e-10,1.3469036078380763e-10,2.935453366164741e-10,0.06473258289419344,0.025670103092783423,0.027579865569886633,4.372430213434648,True,True,True,False,True,False
-0.00681,1.0,1.0,2.5288243844189326e-05,0.2467495,1.5913321542901138e-10,1.349127833272371e-10,2.940459987562485e-10,0.06081281396441913,0.025721649484537482,0.03655533641972207,4.388580605040273,True,True,True,False,True,False
-0.0068,1.0,1.0,2.5287067968189904e-05,0.24675,1.5941194237095296e-10,1.3513557317080257e-10,2.945475155417555e-10,0.05689322729968005,0.025773195876288683,0.04554652809525697,4.40475856586308,True,True,True,False,True,False
-0.00679,1.0,1.0,2.528589214686744e-05,0.2467505,1.5969115751209256e-10,1.3535873092104942e-10,2.95049888433142e-10,0.05297382289146068,0.025824742268042742,0.05455346813201812,4.420964143004579,True,True,True,False,True,False
-0.00678,1.0,1.0,2.528471638021939e-05,0.246751,1.599708617075269e-10,1.3558225718552481e-10,2.955531188930517e-10,0.049054600731301995,0.02587628865979394,0.06357618411377143,4.437197383646829,True,True,True,False,True,False
-0.00677,1.0,1.0,2.5283540668243227e-05,0.2467515,1.6025105581385027e-10,1.3580615257277914e-10,2.960572083866294e-10,0.04513556081075625,0.025927835051548,0.07261470367258949,4.45345833505256,True,True,True,False,True,False
-0.00676,1.0,1.0,2.5282365010936403e-05,0.246752,1.6053174068915727e-10,1.3603041769236772e-10,2.96562158381525e-10,0.041216703121341826,0.0259793814432992,0.08166905448894413,4.469747044565322,True,True,True,False,True,False
-0.00675,1.0,1.0,2.5281189408296367e-05,0.2467525,1.6081291719304564e-10,1.3625505315485256e-10,2.970679703478982e-10,0.03729802765455451,0.026030927835053258,0.0907392642917948,4.486063559609619,True,True,True,False,True,False
-0.00674,1.0,1.0,2.528001386032058e-05,0.246753,1.6109458618661854e-10,1.3648005957180369e-10,2.975746457584222e-10,0.03337953440193526,0.026082474226804455,0.09982536085866282,4.5024079276910385,True,True,True,False,True,False
-0.00673,1.0,1.0,2.5278838367006504e-05,0.24675350000000001,1.6137674853248757e-10,1.3670543755580135e-10,2.9808218608828894e-10,0.029461223355013753,0.026134020618558514,0.10892737201572804,4.518780196396417,True,True,True,False,True,False
-0.00672,1.0,1.0,2.5277662928351606e-05,0.246754,1.616594050947751e-10,1.369311877204372e-10,2.9859059281521227e-10,0.025543094505353536,0.02618556701030971,0.11804532563790644,4.5351804133939435,True,True,True,False,True,False
-0.00671,1.0,1.0,2.5276487544353322e-05,0.24675450000000002,1.6194255673911714e-10,1.3715731068031615e-10,2.990998674194333e-10,0.021625147844405227,0.026237113402063774,0.12717924964894017,4.551608626433332,True,True,True,False,True,False
-0.0067,1.0,1.0,2.5275312215009127e-05,0.246755,1.622262043326657e-10,1.373838070510582e-10,2.9961001138372386e-10,0.017707383363754964,0.02628865979381497,0.13632917202147427,4.568064883345931,True,True,True,False,True,False
-0.00669,1.0,1.0,2.5274136940316483e-05,0.24675550000000002,1.6251034874409186e-10,1.3761067744929975e-10,3.001210261933916e-10,0.013789801054943714,0.02634020618556903,0.14549512077715668,4.584549232044889,True,True,True,False,True,False
-0.00668,1.0,1.0,2.5272961720272834e-05,0.246756,1.6279499084358806e-10,1.3783792249269567e-10,3.0063291333628376e-10,0.009872400909444674,0.026391752577320227,0.15467712398671177,4.601061720525283,True,True,True,False,True,False
-0.00667,1.0,1.0,2.527178655487565e-05,0.24675650000000002,1.6308013150287093e-10,1.3806554279992077e-10,3.011456743027917e-10,0.005955182918832694,0.026443298969074287,0.16387520977003017,4.617602396864248,True,True,True,False,True,False
-0.00666,1.0,1.0,2.527061144412238e-05,0.246757,1.6336577159518398e-10,1.3829353899067134e-10,3.016593105858553e-10,0.0020381470746035596,0.026494845360825487,0.17308940629625735,4.634171309221139,True,True,True,False,True,False
-0.00665,1.0,1.0,2.52694363880105e-05,0.2467575,1.6365191199530029e-10,1.385219116856673e-10,3.021738236809676e-10,0.001878706631667882,0.026546391752576684,0.18231974178388027,4.6507685058376635,True,True,True,False,True,False
-0.00664,1.0,1.0,2.526826138653745e-05,0.246758,1.6393855357952492e-10,1.3875066150665335e-10,3.026892150861783e-10,0.005795378208497135,0.026597938144330743,0.1915662445008041,4.66739403503801,True,True,True,False,True,False
-0.00663,1.0,1.0,2.5267086439700704e-05,0.2467585,1.6422569722569802e-10,1.3897978907640103e-10,3.0320548630209905e-10,0.009711867664320648,0.02664948453608194,0.20082894276445218,4.684047945229001,True,True,True,False,True,False
-0.00662,1.0,1.0,2.5265911547497714e-05,0.246759,1.6451334381319726e-10,1.3920929501871032e-10,3.037226388319076e-10,0.013628175007620045,0.026701030927836003,0.21010786494184716,4.700730284900244,True,True,True,False,True,False
-0.00661,1.0,1.0,2.5264736709925937e-05,0.2467595,1.6480149422294046e-10,1.394391799584113e-10,3.0424067418135174e-10,0.017544300246876948,0.0267525773195872,0.21940303944969244,4.7174411026242495,True,True,True,False,True,False
-0.0066,1.0,1.0,2.5263561926982845e-05,0.24676,1.650901493373886e-10,1.3966944452136587e-10,3.0475959385875447e-10,0.021460243390516512,0.02680412371134126,0.22871449475447073,4.734180447056596,True,True,True,False,True,False
