galaxy,source,q_flag,fit_status,n_points,ml_star_best,rho0_best,r0_best,v_inf_best,chi2_min,chi2_red
CamB,data/SPARC/Rotmod\CamB_rotmod.dat,2,boundary,9,0.05,4960456.30576854,1584.893192461114,25950.51156771649,4.271322212801926,0.7118870354669876
D512-2,data/SPARC/Rotmod\D512-2_rotmod.dat,2,ok,4,1.275,19695703.65983237,1.1098471161392345,36.210457996336935,0.1467377310694215,0.1467377310694215
D564-8,data/SPARC/Rotmod\D564-8_rotmod.dat,2,ok,6,0.15000000000000002,14381411.951965604,1.1834717476879109,32.99466835724716,0.161660253089363,0.05388675102978766
D631-7,data/SPARC/Rotmod\D631-7_rotmod.dat,1,boundary,16,0.05,10875974.81859535,3.7018690558462066,89.75119891385674,5.116140874884261,0.3935492980680201
DDO064,data/SPARC/Rotmod\DDO064_rotmod.dat,1,ok,14,0.5416666666666665,46689731.24389138,1.2742749857031335,64.01164002386408,3.9529664396739155,0.3593605854249014
DDO154,data/SPARC/Rotmod\DDO154_rotmod.dat,2,ok,12,0.19999999999999996,27717119.330647238,1.489902657304766,57.66563117027159,20.877556235951037,2.3197284706612264
DDO161,data/SPARC/Rotmod\DDO161_rotmod.dat,1,ok,31,0.5166666666666666,5890990.1308559375,4.386370005779539,78.26805113880805,9.770907900519159,0.3489609964471128
DDO168,data/SPARC/Rotmod\DDO168_rotmod.dat,2,boundary,10,0.05,26551033.149107955,2.274270432889701,86.15250845612918,29.832199645362458,4.261742806480351
DDO170,data/SPARC/Rotmod\DDO170_rotmod.dat,2,ok,8,1.4666666666666666,9230634.4438503,2.835512583496653,63.333350563290104,9.131908778482357,1.8263817556964714
ESO079-G014,data/SPARC/Rotmod\ESO079-G014_rotmod.dat,1,ok,15,0.46666666666666656,30861338.511850692,4.722919315415163,192.8870250090509,16.435771213721967,1.3696476011434973
ESO116-G012,data/SPARC/Rotmod\ESO116-G012_rotmod.dat,1,ok,15,0.7333333333333332,41041325.06816306,2.659113299255666,125.23699502752036,12.273129075528063,1.0227607562940053
ESO444-G084,data/SPARC/Rotmod\ESO444-G084_rotmod.dat,2,ok,7,2.75,62090904.987477936,1.3972147377141548,80.93982520356448,1.1311247492978103,0.28278118732445257
ESO563-G021,data/SPARC/Rotmod\ESO563-G021_rotmod.dat,1,ok,30,0.5166666666666666,74323248.24505115,4.921588093881253,311.9268169381375,310.13176472095074,11.486361656331509
F561-1,data/SPARC/Rotmod\F561-1_rotmod.dat,3,boundary,6,0.05,39626410.37538181,1.0220536280540207,47.298912985207934,1.121639940307941,0.37387998010264695
F563-1,data/SPARC/Rotmod\F563-1_rotmod.dat,1,boundary,17,0.05,61252621.71031994,2.026945656882786,116.62443575544779,8.245916057111193,0.588994004079371
F563-V1,data/SPARC/Rotmod\F563-V1_rotmod.dat,3,ok,6,0.8833333333333333,27378180.358304746,0.17044291274531956,6.55641366524337,0.8151248888481473,0.27170829628271576
F563-V2,data/SPARC/Rotmod\F563-V2_rotmod.dat,1,ok,10,2.75,51577230.1189825,2.122472662669748,112.06144602749782,0.9964436841057503,0.14234909772939291
F565-V2,data/SPARC/Rotmod\F565-V2_rotmod.dat,2,ok,7,1.1,16811564.938222498,3.471573110201042,104.64428053019162,0.3851844809030726,0.09629612022576815
F567-2,data/SPARC/Rotmod\F567-2_rotmod.dat,3,ok,5,1.3083333333333333,4176908.5017739884,2.539433486180161,38.15482204859664,0.8950416403041108,0.4475208201520554
F568-1,data/SPARC/Rotmod\F568-1_rotmod.dat,1,boundary,12,0.05,90698053.03002077,2.171911402017426,152.0639252497658,1.171605845619696,0.13017842729107734
F568-3,data/SPARC/Rotmod\F568-3_rotmod.dat,1,boundary,18,0.05,24035036.373992074,3.7018690558462066,133.422340208038,15.493123986411504,1.0328749324274336
F568-V1,data/SPARC/Rotmod\F568-V1_rotmod.dat,1,ok,15,1.95,78030543.34908114,1.7023648032532803,110.552878889955,1.1793435403249024,0.09827862836040853
F571-8,data/SPARC/Rotmod\F571-8_rotmod.dat,1,ok,13,0.12000000000000001,47703990.22856999,3.4547852173557687,175.4217808915391,4.594992357735754,0.45949923577357543
F571-V1,data/SPARC/Rotmod\F571-V1_rotmod.dat,2,ok,7,1.0,11600272.556111747,3.788096663188395,94.85063848508166,0.38689156718223444,0.09672289179555861
F574-1,data/SPARC/Rotmod\F574-1_rotmod.dat,1,ok,14,0.25,66751036.73349614,1.7739744822207189,106.55197043549082,3.032705423217208,0.2757004930197462
F574-2,data/SPARC/Rotmod\F574-2_rotmod.dat,3,boundary,5,0.05,1879338.8387485144,3.68396749391333,37.12816140165515,0.10911585278943899,0.05455792639471949
F579-V1,data/SPARC/Rotmod\F579-V1_rotmod.dat,1,ok,14,0.08333333333333334,589057596.2024678,0.6394247961308971,114.09154556872134,0.4090308710250155,0.037184624638637774
F583-1,data/SPARC/Rotmod\F583-1_rotmod.dat,1,ok,25,0.3833333333333333,24035036.373992074,2.7078934948097912,97.59758696517622,8.209617552673611,0.3731644342124369
F583-4,data/SPARC/Rotmod\F583-4_rotmod.dat,1,ok,12,1.7666666666666666,2059736.68859071,242.2202936583368,2555.650657857046,1.4677041940722877,0.16307824378580973
IC2574,data/SPARC/Rotmod\IC2574_rotmod.dat,2,ok,34,0.875,2499261.5328296237,12.681128248508866,147.38349686471605,72.79103726344192,2.348097976240062
IC4202,data/SPARC/Rotmod\IC4202_rotmod.dat,1,boundary,32,0.05,290478841.48670506,2.171911402017426,272.1350409780695,256.59254243259454,8.848018704572226
KK98-251,data/SPARC/Rotmod\KK98-251_rotmod.dat,2,boundary,15,0.05,12641584.929598564,1.980806740760584,51.77593829017609,3.5856447582352238,0.2988037298529353
NGC0024,data/SPARC/Rotmod\NGC0024_rotmod.dat,1,ok,29,2.0749999999999997,7036039.101022947,8.625603161893158,168.2049240278416,8.572560700352634,0.32971387309048594
NGC0055,data/SPARC/Rotmod\NGC0055_rotmod.dat,2,boundary,21,0.05,17312967.00182111,3.2241931624271394,98.62611194295664,4.753128118028808,0.2640626732238227
NGC0100,data/SPARC/Rotmod\NGC0100_rotmod.dat,1,ok,21,0.315,34558485.960642,2.3814534962668836,102.92113533266067,1.5113147550085253,0.08396193083380696
NGC0247,data/SPARC/Rotmod\NGC0247_rotmod.dat,2,boundary,26,2.3166666666666664,791040.0519942994,1584.893192461114,10362.972507595063,42.532422161117886,1.8492357461355602
NGC0289,data/SPARC/Rotmod\NGC0289_rotmod.dat,2,ok,28,0.275,6593013567.556363,0.25891540726201195,154.55568661524958,49.283607461183294,1.9713442984473317
NGC0300,data/SPARC/Rotmod\NGC0300_rotmod.dat,2,boundary,25,0.05,82103434.21984886,1.5525751531049825,103.42330274215553,9.160883264402957,0.4164037847455889
NGC0801,data/SPARC/Rotmod\NGC0801_rotmod.dat,1,ok,13,0.6583333333333332,1661415.9347691631,23.075859961954897,218.66646787870854,56.53188163286476,5.653188163286476
NGC0891,data/SPARC/Rotmod\NGC0891_rotmod.dat,1,ok,18,0.08,526223796409.96564,0.03885739518570974,207.22590038412514,54.13440084685433,3.6089600564569553
NGC1003,data/SPARC/Rotmod\NGC1003_rotmod.dat,1,ok,36,0.8916666666666666,6101335.9182289895,6.884854028326127,125.02369048671842,81.15187243306227,2.4591476494867353
NGC1090,data/SPARC/Rotmod\NGC1090_rotmod.dat,1,ok,24,0.44999999999999996,57554783.54452502,2.6207225924284105,146.1661724181064,30.431989722827588,1.4491423677536948
NGC1705,data/SPARC/Rotmod\NGC1705_rotmod.dat,3,ok,14,0.3583333333333333,5787942034.006364,0.12619804630818787,70.58295354225713,0.7055882458491738,0.06414438598628852
NGC2366,data/SPARC/Rotmod\NGC2366_rotmod.dat,3,boundary,26,0.05,40168724.422094464,1.2228365780163397,56.97673395016749,18.07546871520468,0.7858899441393339
NGC2403,data/SPARC/Rotmod\NGC2403_rotmod.dat,1,ok,73,0.07500000000000001,614928225.010203,0.6977248813991129,127.19836636724959,850.2623694231588,12.146605277473697
NGC2683,data/SPARC/Rotmod\NGC2683_rotmod.dat,2,ok,11,0.6416666666666666,74583235.80637956,2.2037275179735816,139.91478671679644,9.161914377980452,1.1452392972475565
NGC2841,data/SPARC/Rotmod\NGC2841_rotmod.dat,1,ok,50,0.6083333333333333,994461069.3571355,1.0991390345802297,254.81889850027994,69.43989553165703,1.4774445857799368
NGC2903,data/SPARC/Rotmod\NGC2903_rotmod.dat,1,ok,34,0.29750000000000004,654436757.9179536,0.941204967268067,177.01218466189496,193.37275971927775,6.237830958686379
NGC2915,data/SPARC/Rotmod\NGC2915_rotmod.dat,2,boundary,30,0.05,229323117.52838084,0.8010953493868744,89.18529197669544,12.896665501815834,0.4776542778450309
NGC2955,data/SPARC/Rotmod\NGC2955_rotmod.dat,1,ok,24,0.21666666666666667,6124831531.594814,0.3857587532968174,221.94633229376703,48.095551425141984,2.29026435357819
NGC2976,data/SPARC/Rotmod\NGC2976_rotmod.dat,2,ok,27,0.41666666666666663,91939316.81600882,1.8241167512429095,128.58442793884385,7.2122549399128335,0.30051062249636806
NGC2998,data/SPARC/Rotmod\NGC2998_rotmod.dat,1,ok,13,0.26,2302224030.220987,0.537031796370253,189.434423531326,9.866906826265136,0.9866906826265136
NGC3109,data/SPARC/Rotmod\NGC3109_rotmod.dat,1,ok,25,1.3583333333333334,15218487.827750837,3.376144704807968,96.82598252805639,4.841631113970622,0.22007414154411917
NGC3198,data/SPARC/Rotmod\NGC3198_rotmod.dat,1,ok,43,0.5166666666666666,49126753.619746596,2.7575685403422776,142.09227190576044,49.7581488115937,1.2439537202898425
NGC3521,data/SPARC/Rotmod\NGC3521_rotmod.dat,1,ok,41,0.19,8209766189.929886,0.2873565180737594,191.41305571638287,1.8630224073161565,0.04902690545568833
NGC3726,data/SPARC/Rotmod\NGC3726_rotmod.dat,2,ok,12,0.6499999999999999,1905058.853282541,27.844334481524214,282.53753376056426,17.57700484907196,1.9530005387857736
NGC3741,data/SPARC/Rotmod\NGC3741_rotmod.dat,1,ok,21,1.5333333333333332,18571405.968252677,1.9545763139640824,61.92416123902043,7.859374382698146,0.436631910149897
NGC3769,data/SPARC/Rotmod\NGC3769_rotmod.dat,2,ok,12,0.22500000000000003,162597739.5956761,1.257400660690355,117.87346371488366,5.049174733508966,0.5610194148343296
NGC3877,data/SPARC/Rotmod\NGC3877_rotmod.dat,2,boundary,13,0.05,249908582.107233,1.6336457781104678,189.86004931097452,16.24497508950632,1.624497508950632
NGC3893,data/SPARC/Rotmod\NGC3893_rotmod.dat,1,ok,10,0.39999999999999997,171462021.21288303,1.7653958659645173,169.94609273588426,3.3146518847509556,0.4735216978215651
NGC3917,data/SPARC/Rotmod\NGC3917_rotmod.dat,1,ok,17,0.5416666666666666,44725448.81707061,2.7709684370814998,136.23667698374433,19.66057295018799,1.4043266392991423
NGC3949,data/SPARC/Rotmod\NGC3949_rotmod.dat,2,ok,7,0.09666666666666668,746147052.0636015,0.8307563780385401,166.82879284719138,0.431633584445137,0.10790839611128425
NGC3953,data/SPARC/Rotmod\NGC3953_rotmod.dat,1,ok,8,0.45833333333333337,337635293.0338837,1.2169231638990636,164.38878508659528,1.6865099039235136,0.33730198078470275
NGC3972,data/SPARC/Rotmod\NGC3972_rotmod.dat,1,boundary,10,0.05,129668535.41817199,1.8152956561413405,151.96717162901027,1.38064332955579,0.19723476136511287
NGC3992,data/SPARC/Rotmod\NGC3992_rotmod.dat,1,ok,9,0.6083333333333333,296789025.05357695,1.625745765810723,205.902518869092,2.7309836137559134,0.45516393562598556
NGC4010,data/SPARC/Rotmod\NGC4010_rotmod.dat,2,ok,12,0.175,48082244.533437945,2.8875287417994473,147.19863799251652,14.561565964734339,1.617951773859371
NGC4013,data/SPARC/Rotmod\NGC4013_rotmod.dat,2,ok,36,0.6749999999999999,4144049.5194788333,15.469407652462001,231.5108032277942,26.370550324470443,0.7991075855900134
NGC4051,data/SPARC/Rotmod\NGC4051_rotmod.dat,2,ok,7,0.3833333333333333,145202654.09308684,1.334329715596903,118.20491760543698,3.208704439083791,0.8021761097709478
NGC4068,data/SPARC/Rotmod\NGC4068_rotmod.dat,2,boundary,6,0.05,25090623.31221439,1.7739744822207189,65.32632135613645,0.30381288579940197,0.101270961933134
NGC4085,data/SPARC/Rotmod\NGC4085_rotmod.dat,2,boundary,7,0.05,168774911.15393642,1.7825947846835628,170.25178931122267,5.334247069944576,1.333561767486144
NGC4088,data/SPARC/Rotmod\NGC4088_rotmod.dat,1,ok,12,0.245,107712134.19748482,1.93571807459141,147.69287008858166,4.334778951751172,0.4816421057501302
NGC4100,data/SPARC/Rotmod\NGC4100_rotmod.dat,1,ok,24,0.5833333333333333,178992405.9053467,1.509897160618419,148.5079764792488,22.961648978517708,1.093411856119891
NGC4138,data/SPARC/Rotmod\NGC4138_rotmod.dat,2,ok,7,0.6333333333333333,193525373.1332808,1.2392470528157027,126.73949164711506,5.013279378855417,1.2533198447138543
NGC4157,data/SPARC/Rotmod\NGC4157_rotmod.dat,1,ok,17,0.5333333333333332,5890990.1308559375,12.169231638990643,217.14129063110136,4.30314178207015,0.30736727014786785
NGC4183,data/SPARC/Rotmod\NGC4183_rotmod.dat,1,ok,23,0.5833333333333333,98839672.4975362,1.3588073730471202,99.31358356075562,2.430991882646383,0.12154959413231917
NGC4214,data/SPARC/Rotmod\NGC4214_rotmod.dat,2,boundary,14,0.05,6208653965.720616,0.13588073730471206,78.71214214113299,5.421350151831639,0.4928500138028763
NGC4217,data/SPARC/Rotmod\NGC4217_rotmod.dat,1,ok,19,0.13666666666666666,182880726.76396143,1.9712279215176967,195.97736808252085,29.8966099548613,1.8685381221788313
NGC4389,data/SPARC/Rotmod\NGC4389_rotmod.dat,3,boundary,6,0.05,33898315.467962794,4.60982257652271,197.3142169929642,0.5488681877357526,0.1829560625785842
NGC4559,data/SPARC/Rotmod\NGC4559_rotmod.dat,1,ok,32,0.16666666666666669,134594709.61332542,1.3770425767967092,117.44822906590015,7.881267856723557,0.2717678571283985
NGC5005,data/SPARC/Rotmod\NGC5005_rotmod.dat,1,ok,18,0.5249999999999999,50591950.68696525,4.168693834703353,217.98460442737598,0.8789435226897688,0.05859623484598459
NGC5033,data/SPARC/Rotmod\NGC5033_rotmod.dat,1,ok,22,0.475,327135545.2239073,1.41082674574606,187.5956057612984,127.26125185822704,6.697960624117212
NGC5055,data/SPARC/Rotmod\NGC5055_rotmod.dat,1,ok,28,0.3833333333333333,45179505.7776392,3.404907069452944,168.2523390155533,192.12533312296597,7.685013324918639
NGC5371,data/SPARC/Rotmod\NGC5371_rotmod.dat,1,ok,19,0.32499999999999996,10262349930176.232,0.007028167531059745,165.5200558840931,21.832485607486298,1.3645303504678936
NGC5585,data/SPARC/Rotmod\NGC5585_rotmod.dat,1,ok,24,0.625,18867086.241137296,3.3598182862837827,107.28853524457826,98.50649307804358,4.690785384668741
NGC5907,data/SPARC/Rotmod\NGC5907_rotmod.dat,1,ok,19,0.4,54358463892.483,0.10702215315743607,183.43929868391672,46.04570687626389,2.8778566797664933
NGC5985,data/SPARC/Rotmod\NGC5985_rotmod.dat,1,ok,33,0.4083333333333333,1567127478.380115,0.9109062548261444,265.1007500075596,67.07534881459789,2.235844960486596
NGC6015,data/SPARC/Rotmod\NGC6015_rotmod.dat,2,ok,44,0.39166666666666666,485464816.9683925,0.8741358812208402,141.59337613062863,194.8036124579874,4.751307620926522
NGC6195,data/SPARC/Rotmod\NGC6195_rotmod.dat,1,ok,23,0.07,71720575522.2718,0.11791768581084598,232.1592219808844,33.0029913395567,1.650149566977835
NGC6503,data/SPARC/Rotmod\NGC6503_rotmod.dat,1,ok,31,0.2425,706015522.1461535,0.573351631473246,111.99877864141747,31.83165297252098,1.1368447490186064
NGC6674,data/SPARC/Rotmod\NGC6674_rotmod.dat,1,ok,15,1.375,939431.5466484476,48.56414973474005,346.04570938751965,13.708673137694381,1.1423894281411984
NGC6789,data/SPARC/Rotmod\NGC6789_rotmod.dat,2,ok,4,1.3583333333333334,314063749.80938953,8.646535029500368,1126.5127733148418,0.3668733692848635,0.3668733692848635
NGC6946,data/SPARC/Rotmod\NGC6946_rotmod.dat,1,ok,58,0.5583333333333332,20079277.95281051,4.660377025539272,153.5253894682554,80.60450996821736,1.4655365448766793
NGC7331,data/SPARC/Rotmod\NGC7331_rotmod.dat,1,ok,36,0.14333333333333334,11804312887.242067,0.27078934948097905,216.29030075867138,40.036376928632905,1.2132235432919063
NGC7793,data/SPARC/Rotmod\NGC7793_rotmod.dat,1,ok,46,0.7749999999999999,27936893.811882976,2.4134126176154935,93.77903226941213,33.941980654424206,0.7893483873121908
NGC7814,data/SPARC/Rotmod\NGC7814_rotmod.dat,1,ok,18,0.55,205959187.78342727,1.9100847252043118,201.5247198897973,5.107869394371866,0.34052462629145774
PGC51017,data/SPARC/Rotmod\PGC51017_rotmod.dat,3,ok,6,0.13,1294832943934.9219,0.0015594895040582832,13.045911730292731,4.022994614435939,1.3409982048119797
UGC00128,data/SPARC/Rotmod\UGC00128_rotmod.dat,1,ok,22,0.7749999999999999,30861338.511850692,3.094042791266563,126.36267304211738,63.15659572775023,3.324031354092117
UGC00191,data/SPARC/Rotmod\UGC00191_rotmod.dat,1,ok,9,0.44999999999999996,119930956.59212017,0.9713336203720003,78.20223752084907,9.33471426906683,1.5557857115111382
UGC00634,data/SPARC/Rotmod\UGC00634_rotmod.dat,2,ok,4,1.15,12542135.87171088,4.745869472485925,123.56248941812669,4.047994887040279,4.047994887040279
UGC00731,data/SPARC/Rotmod\UGC00731_rotmod.dat,1,ok,12,2.1833333333333336,63439729.59135931,1.1677998659214277,68.38080229898435,1.2578961307738568,0.13976623675265076
UGC00891,data/SPARC/Rotmod\UGC00891_rotmod.dat,2,ok,5,0.2,13776371.956713712,3.0790805660189253,84.0182423684721,0.35497581546773993,0.17748790773386997
UGC01230,data/SPARC/Rotmod\UGC01230_rotmod.dat,1,ok,11,1.8666666666666663,21757457.431313954,2.6462543135122383,90.74459350722337,4.70976502765628,0.588720628457035
UGC01281,data/SPARC/Rotmod\UGC01281_rotmod.dat,1,boundary,25,0.05,28934418.471589662,1.945124340269414,76.92010296480784,5.170531387391207,0.23502415397232757
UGC02023,data/SPARC/Rotmod\UGC02023_rotmod.dat,2,ok,5,0.275,10418411.974656126,48.918562235418364,1160.805766653979,0.03725444025790806,0.01862722012895403
UGC02259,data/SPARC/Rotmod\UGC02259_rotmod.dat,2,ok,8,0.4025,412022677.09596276,0.5726572150091959,85.45557603483222,2.8515447240774465,0.5703089448154893
UGC02455,data/SPARC/Rotmod\UGC02455_rotmod.dat,3,boundary,8,0.07500000000000001,7345052.611811644,1584.893192461114,31577.85053736191,3.466362825320166,0.6932725650640332
UGC02487,data/SPARC/Rotmod\UGC02487_rotmod.dat,1,ok,17,1.1416666666666666,22055222.85275835,8.237387069571021,284.4004689895672,61.869516332420936,4.419251166601495
UGC02885,data/SPARC/Rotmod\UGC02885_rotmod.dat,1,ok,19,0.9333333333333332,2196907.162806509,31.241857136026645,340.42998360123056,19.3529197931804,1.209557487073775
UGC02916,data/SPARC/Rotmod\UGC02916_rotmod.dat,2,boundary,43,0.05,158641680891.64655,0.0706231961750996,206.79552150910445,132.2002438738262,3.3050060968456547
UGC02953,data/SPARC/Rotmod\UGC02953_rotmod.dat,2,ok,115,0.6499999999999999,63300126.82551343,4.194030447006404,245.31210457694826,589.2423536550847,5.2610924433489705
UGC03205,data/SPARC/Rotmod\UGC03205_rotmod.dat,1,ok,48,0.4083333333333333,2436225907.2819924,0.5153535394850468,187.00324860884965,94.97787971199229,2.110619549155384
UGC03546,data/SPARC/Rotmod\UGC03546_rotmod.dat,1,ok,30,0.47500000000000003,79375135.26126924,2.7243516110342987,178.43929817472335,25.267787475183543,0.9358439805623534
UGC03580,data/SPARC/Rotmod\UGC03580_rotmod.dat,2,ok,47,0.2833333333333333,41932881.5535935,2.598584490771244,123.70843282126341,150.09959989327615,3.4113545430290033
UGC04278,data/SPARC/Rotmod\UGC04278_rotmod.dat,1,ok,25,1.1166666666666667,10196900.778197583,10.13420006478695,237.90779932300137,9.398731330722203,0.42721506048737284
UGC04305,data/SPARC/Rotmod\UGC04305_rotmod.dat,3,boundary,22,0.7666666666666666,0.6309573444801932,0.001,5.839627019598481e-06,34.14760979626681,1.797242620856148
UGC04325,data/SPARC/Rotmod\UGC04325_rotmod.dat,1,ok,8,1.4416666666666667,272341925.59377956,0.6248697107811937,75.81093185531289,7.359366838647217,1.4718733677294433
UGC04483,data/SPARC/Rotmod\UGC04483_rotmod.dat,2,ok,8,0.07,180014665.59777015,0.251493239905901,24.80649292124156,1.5491725231285083,0.30983450462570167
UGC04499,data/SPARC/Rotmod\UGC04499_rotmod.dat,1,boundary,9,0.05,65331808.731411465,1.2976509670912633,77.10904866871256,1.1949017184241209,0.19915028640402013
UGC05005,data/SPARC/Rotmod\UGC05005_rotmod.dat,1,ok,11,0.4416666666666667,6456466.633089931,5.917050327109935,110.53194900450775,0.28891220398137196,0.036114025497671495
UGC05253,data/SPARC/Rotmod\UGC05253_rotmod.dat,2,ok,73,0.15500000000000003,122737450882.03609,0.08741358812208401,225.13997127458393,224.47700939419335,3.206814419917048
UGC05414,data/SPARC/Rotmod\UGC05414_rotmod.dat,1,ok,6,0.6749999999999999,19387037.50129768,2.436924674172403,78.8829129796933,0.3044308258827958,0.10147694196093193
UGC05716,data/SPARC/Rotmod\UGC05716_rotmod.dat,2,ok,12,1.6416666666666666,18320675.220172253,2.4816289228368262,78.08950850206848,22.167949104939854,2.463105456104428
UGC05721,data/SPARC/Rotmod\UGC05721_rotmod.dat,1,ok,23,0.55,654436757.9179536,0.43282844010754756,81.40193733743436,16.946705842826752,0.8473352921413376
UGC05750,data/SPARC/Rotmod\UGC05750_rotmod.dat,1,ok,11,0.725,6507661.224705887,4.615412546594834,86.55817753266999,1.4841159504997294,0.18551449381246618
UGC05764,data/SPARC/Rotmod\UGC05764_rotmod.dat,2,ok,10,0.26583333333333337,274501378.19424945,0.4874103385453635,59.36795793026049,35.6887473174718,5.098392473924543
UGC05829,data/SPARC/Rotmod\UGC05829_rotmod.dat,2,ok,11,2.6999999999999997,4144049.5194788333,6.6713008532479146,99.84081186611469,0.8706318115097477,0.10882897643871846
UGC05918,data/SPARC/Rotmod\UGC05918_rotmod.dat,2,ok,8,0.2083333333333333,63942755.66323757,0.7972213987433364,46.86619886612207,0.08731054655296043,0.017462109310592087
UGC05986,data/SPARC/Rotmod\UGC05986_rotmod.dat,2,ok,15,0.8,53418865.02905856,2.436924674172403,130.94066519513166,18.156429980388005,1.5130358316990005
UGC05999,data/SPARC/Rotmod\UGC05999_rotmod.dat,2,boundary,5,0.05,15218487.827750837,3.9474422895959362,113.21048461537049,2.809979400086505,1.4049897000432525
UGC06399,data/SPARC/Rotmod\UGC06399_rotmod.dat,1,ok,9,0.8166666666666667,32216727.59145358,2.315990865219673,96.64127787371302,0.5703834786065602,0.09506391310109337
UGC06446,data/SPARC/Rotmod\UGC06446_rotmod.dat,1,ok,17,2.6333333333333333,21127338.16558836,2.4816289228368262,83.85796968122402,2.412962573947713,0.1723544695676938
UGC06614,data/SPARC/Rotmod\UGC06614_rotmod.dat,1,ok,13,0.575,5108401.071008573,13.904580626985389,231.03910723915584,1.8105264325673809,0.1810526432567381
UGC06628,data/SPARC/Rotmod\UGC06628_rotmod.dat,2,boundary,7,0.05,245992077.0990277,0.318149744608868,36.684047582993976,1.2480070304364241,0.31200175760910603
UGC06667,data/SPARC/Rotmod\UGC06667_rotmod.dat,1,ok,9,1.9499999999999997,52697662.12103763,1.7420179734744865,92.96798438507733,1.917635933712745,0.31960598895212416
UGC06786,data/SPARC/Rotmod\UGC06786_rotmod.dat,1,ok,45,0.05583333333333334,5030111455.852458,0.4323042187075883,225.40491781184238,48.430859161287565,1.1531156943163705
UGC06787,data/SPARC/Rotmod\UGC06787_rotmod.dat,2,ok,71,0.5416666666666667,181042763.6098333,2.338553815214576,231.3252621567029,1579.6235965035373,23.22975877211084
UGC06818,data/SPARC/Rotmod\UGC06818_rotmod.dat,2,ok,8,0.20333333333333337,11353633.21612401,5.396414035338692,133.67734229174388,5.131079770856186,1.0262159541712372
UGC06917,data/SPARC/Rotmod\UGC06917_rotmod.dat,1,ok,11,0.15000000000000002,91417215.70042586,1.655569315036601,116.37145722957722,2.134540901294441,0.26681761266180515
UGC06923,data/SPARC/Rotmod\UGC06923_rotmod.dat,2,ok,6,0.25,66225918.42332051,1.5601196062807166,93.3376793846376,1.721478690628157,0.5738262302093856
UGC06930,data/SPARC/Rotmod\UGC06930_rotmod.dat,1,ok,10,0.425,76977060.56266856,1.5887392741615471,102.47511220324348,1.1143268842746183,0.15918955489637404
UGC06973,data/SPARC/Rotmod\UGC06973_rotmod.dat,3,ok,9,0.155,338070778.41890955,1.3424395447254132,181.46115172303774,2.0878562884312064,0.3479760480718677
UGC06983,data/SPARC/Rotmod\UGC06983_rotmod.dat,1,ok,17,0.575,89276655.74973746,1.5677007203379594,108.89732808404105,6.888395815312436,0.4920282725223169
UGC07089,data/SPARC/Rotmod\UGC07089_rotmod.dat,2,ok,12,0.8333333333333333,3863239.6872534594,9.366534721290181,135.34427302274887,1.1419843692926546,0.12688715214362828
UGC07125,data/SPARC/Rotmod\UGC07125_rotmod.dat,1,ok,13,0.5666666666666667,9485018.186512986,2.55177339577556,57.77584401831276,5.017016898430738,0.5017016898430737
UGC07151,data/SPARC/Rotmod\UGC07151_rotmod.dat,1,ok,11,0.8916666666666666,53115512.230813704,1.2169231638990636,65.20170526352824,7.845565935946455,0.9806957419933069
UGC07232,data/SPARC/Rotmod\UGC07232_rotmod.dat,2,ok,4,0.49999999999999994,120615905.10810724,6.622967617148324,534.7367485469628,0.22708758702464432,0.22708758702464432
UGC07261,data/SPARC/Rotmod\UGC07261_rotmod.dat,2,ok,7,0.24999999999999994,280464477.18245804,0.596745941025399,73.47058778547786,0.08719278917795459,0.021798197294488647
UGC07323,data/SPARC/Rotmod\UGC07323_rotmod.dat,1,ok,10,0.7999999999999998,9356961.87728546,5.810460140821869,130.66614116486053,1.6377099899799439,0.23395856999713485
UGC07399,data/SPARC/Rotmod\UGC07399_rotmod.dat,1,ok,10,0.95,262952838.0986028,0.8901714970175668,106.12011815639148,2.160458981742879,0.30863699739183986
UGC07524,data/SPARC/Rotmod\UGC07524_rotmod.dat,1,ok,31,0.6416666666666666,28096446.728840213,2.08423828168624,81.21910090098154,8.626062411706037,0.3080736575609299
UGC07559,data/SPARC/Rotmod\UGC07559_rotmod.dat,2,ok,7,0.0575,32916583.952713896,0.9109062548261444,38.42077957975996,0.4081587892971577,0.10203969732428943
UGC07577,data/SPARC/Rotmod\UGC07577_rotmod.dat,2,ok,9,0.275,3323673.2411923097,32.79362859020883,439.5251626778834,0.3005120952400091,0.050085349206668184
UGC07603,data/SPARC/Rotmod\UGC07603_rotmod.dat,1,ok,12,0.26,161674386.408224,0.7650401193607169,71.51381234724786,3.114276689550222,0.34603074328335803
UGC07608,data/SPARC/Rotmod\UGC07608_rotmod.dat,1,ok,8,0.3999999999999999,43183522.6105604,1.806517218242904,87.27427458659314,0.41548805819603174,0.08309761163920634
UGC07690,data/SPARC/Rotmod\UGC07690_rotmod.dat,2,ok,7,0.8583333333333332,143242287.1641503,0.5468833946654653,48.11887549317324,1.2873958062289128,0.3218489515572282
UGC07866,data/SPARC/Rotmod\UGC07866_rotmod.dat,2,boundary,7,1.6083333333333332,4455074.406725829,1584.893192461114,24593.061185163235,0.15741842074132498,0.039354605185331244
UGC08286,data/SPARC/Rotmod\UGC08286_rotmod.dat,1,ok,17,0.7,176187281.53447422,0.8542381193020124,83.35877696838764,12.387117973165516,0.884794140940394
UGC08490,data/SPARC/Rotmod\UGC08490_rotmod.dat,1,ok,30,0.8916666666666666,251335857.57731086,0.6606934480075962,77.00383164231953,4.748301884520993,0.17586303276003679
UGC08550,data/SPARC/Rotmod\UGC08550_rotmod.dat,1,ok,11,1.7666666666666666,25434005.34793477,1.7825947846835628,66.09142564765503,2.7708296278390465,0.3463537034798808
UGC08699,data/SPARC/Rotmod\UGC08699_rotmod.dat,2,ok,41,0.275,448755906844.61774,0.03271424050126123,161.11168527415455,41.2074108744279,1.08440554932705
UGC08837,data/SPARC/Rotmod\UGC08837_rotmod.dat,2,boundary,8,0.05,9636031.673079269,4.019856280710574,91.73704466174064,1.720659625346524,0.3441319250693048
UGC09037,data/SPARC/Rotmod\UGC09037_rotmod.dat,2,boundary,22,0.05,50193952.97856566,3.0790805660189253,160.37322465454153,9.752154134937046,0.5132712702598445
UGC09133,data/SPARC/Rotmod\UGC09133_rotmod.dat,1,ok,68,0.6083333333333333,50880890.94499882,3.9474422895959362,207.0037688173991,436.22676585086094,6.711181013090169
UGC09992,data/SPARC/Rotmod\UGC09992_rotmod.dat,2,ok,5,0.6749999999999999,3685735562.5299067,0.05128613839913651,22.890073957129616,0.021296836312136004,0.010648418156068002
UGC10310,data/SPARC/Rotmod\UGC10310_rotmod.dat,1,ok,7,1.7666666666666666,17079226.315990485,1.806517218242904,54.885965881516064,0.36465316786508967,0.09116329196627242
UGC11455,data/SPARC/Rotmod\UGC11455_rotmod.dat,1,ok,36,0.31666666666666665,66225918.42332051,4.328284401075477,258.94939085870294,74.94787315909434,2.2711476714877072
UGC11557,data/SPARC/Rotmod\UGC11557_rotmod.dat,2,ok,12,0.055,25090623.31221439,2.6462543135122383,97.44788406322417,4.950789051588493,0.5500876723987215
UGC11820,data/SPARC/Rotmod\UGC11820_rotmod.dat,1,ok,10,2.4916666666666663,3671596.6238016966,7.413102413009175,104.42694916549006,3.2464815783422445,0.46378308262032064
UGC11914,data/SPARC/Rotmod\UGC11914_rotmod.dat,1,ok,65,0.16666666666666669,96346767892.33018,0.11621525992813551,265.19592249481235,134.8876470479745,2.1756072104512016
UGC12506,data/SPARC/Rotmod\UGC12506_rotmod.dat,2,ok,31,0.7416666666666667,794086265.3920916,0.9584709342250604,198.56280486196528,7.047750409617501,0.2517053717720536
UGC12632,data/SPARC/Rotmod\UGC12632_rotmod.dat,1,ok,15,1.7916666666666667,21586295.456322238,1.9008479046983868,64.92643188196463,1.0181966899793309,0.08484972416494424
UGC12732,data/SPARC/Rotmod\UGC12732_rotmod.dat,1,ok,16,2.591666666666667,4326050.681284513,7.5857757502918375,115.99276760297332,1.6833387124785628,0.12948759326758175
UGCA281,data/SPARC/Rotmod\UGCA281_rotmod.dat,3,ok,7,0.5499999999999999,162956334.36169246,0.3501148457355177,32.857253548430755,0.7284314305263471,0.18210785763158677
UGCA442,data/SPARC/Rotmod\UGCA442_rotmod.dat,1,ok,8,1.8999999999999997,21127338.16558836,1.9904321065124164,67.25969128762775,4.835160114498949,0.9670320228997898
UGCA444,data/SPARC/Rotmod\UGCA444_rotmod.dat,2,ok,36,2.75,41932881.5535935,0.8010953493868744,38.13701288721221,5.37876103640007,0.16299275867879
