galaxy,source,q_flag,fit_status,n_points,rho_s_best,r_s_best,v_scale_best,chi2_min,chi2_red
CamB,data/SPARC/Rotmod\CamB_rotmod.dat,2,boundary,9,0.6309573444801932,0.0031622776601683794,8.11576187406671e-06,85.26023476355759,12.180033537651084
D512-2,data/SPARC/Rotmod\D512-2_rotmod.dat,2,ok,4,1101040.6602933602,12.542799944781668,42.52315406405012,0.3919915131333012,0.1959957565666506
D564-8,data/SPARC/Rotmod\D564-8_rotmod.dat,2,ok,6,3824.127592189072,1540.170523268297,307.72606984132716,5.36312616875416,1.34078154218854
D631-7,data/SPARC/Rotmod\D631-7_rotmod.dat,1,boundary,16,8857.267481782155,1584.893192461114,481.92468917863,124.66149009304442,8.904392149503172
DDO064,data/SPARC/Rotmod\DDO064_rotmod.dat,1,ok,14,13921.417345612936,1540.170523268297,587.1375141901281,6.9021243426423045,0.5751770285535254
DDO154,data/SPARC/Rotmod\DDO154_rotmod.dat,2,ok,12,746840.4255646132,26.27676308644617,73.36941733987089,167.53788875307984,16.753788875307983
DDO161,data/SPARC/Rotmod\DDO161_rotmod.dat,1,ok,31,16907.02310972211,618.3123927212885,259.75912939948455,61.48857281052146,2.1202956141559124
DDO168,data/SPARC/Rotmod\DDO168_rotmod.dat,2,ok,10,13329.840107498852,1522.2991328804203,567.860637772423,95.74621561878637,11.968276952348296
DDO170,data/SPARC/Rotmod\DDO170_rotmod.dat,2,ok,8,1101040.6602933602,16.89179650996627,57.26731420209884,13.65644576902912,2.2760742948381867
ESO079-G014,data/SPARC/Rotmod\ESO079-G014_rotmod.dat,1,ok,15,46546.27082522098,713.9531675954164,497.6700054864301,48.1574047785811,3.7044157521985466
ESO116-G012,data/SPARC/Rotmod\ESO116-G012_rotmod.dat,1,ok,15,25444.406552012373,1514.2808215434013,780.4262720377469,43.87752668810947,3.3751943606238055
ESO444-G084,data/SPARC/Rotmod\ESO444-G084_rotmod.dat,2,ok,7,3095726.5363298543,16.411097084456117,93.29281669479754,3.8218567802171655,0.7643713560434331
ESO563-G021,data/SPARC/Rotmod\ESO563-G021_rotmod.dat,1,ok,30,32944.594976255794,1562.3718435626004,916.2326964522254,482.67976354053485,17.23856298359053
F561-1,data/SPARC/Rotmod\F561-1_rotmod.dat,3,boundary,6,0.666806769213622,0.0031622776601683794,8.343135478254029e-06,3.7273968873166696,0.9318492218291674
F563-1,data/SPARC/Rotmod\F563-1_rotmod.dat,1,ok,17,2494856.4584565233,21.068026366910633,107.51670115662499,16.02560331315657,1.068373554210438
F563-V1,data/SPARC/Rotmod\F563-V1_rotmod.dat,3,ok,6,219895239.44583762,0.09279138248500729,4.445748132934934,0.8563796015298901,0.21409490038247253
F563-V2,data/SPARC/Rotmod\F563-V2_rotmod.dat,1,ok,10,2239685.5620255135,32.45749394207766,156.94150237787684,8.367195672018976,1.045899459002372
F565-V2,data/SPARC/Rotmod\F565-V2_rotmod.dat,2,ok,7,17657.355443442582,1443.3293512148934,619.6658590069793,1.9234443852108867,0.38468887704217736
F567-2,data/SPARC/Rotmod\F567-2_rotmod.dat,3,ok,5,850377.0105837372,12.78579770314599,38.09455282792853,1.2268260100476798,0.4089420033492266
F568-1,data/SPARC/Rotmod\F568-1_rotmod.dat,1,ok,12,1395281.6109464886,49.51363041597967,188.96657941090447,8.4286230223956,0.84286230223956
F568-3,data/SPARC/Rotmod\F568-3_rotmod.dat,1,boundary,18,12231.834792671592,1584.893192461114,566.3372129015461,49.9803487780144,3.1237717986259
F568-V1,data/SPARC/Rotmod\F568-V1_rotmod.dat,1,ok,15,13680611.674734088,8.707796215184825,104.06155481076794,2.534306656319866,0.19494666587075893
F571-8,data/SPARC/Rotmod\F571-8_rotmod.dat,1,ok,13,24892.421503362777,1563.7476378386064,797.1307002866912,649.2819575599332,59.02563250544847
F571-V1,data/SPARC/Rotmod\F571-V1_rotmod.dat,2,ok,7,577069.0969983885,40.861563926836794,100.29012888256962,1.6352087897547372,0.3270417579509474
F574-1,data/SPARC/Rotmod\F574-1_rotmod.dat,1,ok,14,2099844.090415556,20.274828371167885,94.92486923956231,18.48588117029098,1.5404900975242484
F574-2,data/SPARC/Rotmod\F574-2_rotmod.dat,3,boundary,5,0.6309573444801932,0.0031622776601683794,8.11576187406671e-06,3.3569881462025997,1.1189960487341999
F579-V1,data/SPARC/Rotmod\F579-V1_rotmod.dat,1,ok,14,49781129.72585777,3.5656661058931256,81.28349008457819,2.265417172003386,0.1887847643336155
F583-1,data/SPARC/Rotmod\F583-1_rotmod.dat,1,ok,25,715420.1221168856,38.21083642146983,104.42306003649664,36.28140703451688,1.5774524797616036
F583-4,data/SPARC/Rotmod\F583-4_rotmod.dat,1,ok,12,65705.5293452536,241.22143801946083,199.77730823076425,1.1506075838821952,0.11506075838821953
IC2574,data/SPARC/Rotmod\IC2574_rotmod.dat,2,boundary,34,4350.431893344547,1584.893192461114,337.75009736559934,1120.9578341045979,35.02993231576868
IC4202,data/SPARC/Rotmod\IC4202_rotmod.dat,1,boundary,32,9862.032442276293,1584.893192461114,508.525235111564,1711.4317818643021,57.047726062143404
KK98-251,data/SPARC/Rotmod\KK98-251_rotmod.dat,2,ok,15,4743.0483733997235,1540.170523268297,342.7100814236876,22.57730847478856,1.7367160365221967
NGC0024,data/SPARC/Rotmod\NGC0024_rotmod.dat,1,ok,29,19303261.560865115,6.404695266179958,90.91658501650655,17.76659760835709,0.6580221336428551
NGC0055,data/SPARC/Rotmod\NGC0055_rotmod.dat,2,boundary,21,8668.948578477539,1584.893192461114,476.773940003653,98.76945980012044,5.198392621058971
NGC0100,data/SPARC/Rotmod\NGC0100_rotmod.dat,1,boundary,21,13046.42754539285,1584.893192461114,584.8912161311928,33.25339312545345,1.7501785855501815
NGC0247,data/SPARC/Rotmod\NGC0247_rotmod.dat,2,ok,26,1125456.0423949012,27.560717520312327,94.46786152239861,39.034202770883255,1.626425115453469
NGC0289,data/SPARC/Rotmod\NGC0289_rotmod.dat,2,ok,28,315871.75353898155,84.76391536432885,153.92022895327855,85.09307682500207,3.272810647115464
NGC0300,data/SPARC/Rotmod\NGC0300_rotmod.dat,2,ok,25,155284.1389797827,179.2106909940333,228.1690632342349,16.28131046268111,0.7078830635948308
NGC0801,data/SPARC/Rotmod\NGC0801_rotmod.dat,1,boundary,13,3583.7732837996296,1584.893192461114,306.5487571051077,567.4551341532427,51.58683037756752
NGC0891,data/SPARC/Rotmod\NGC0891_rotmod.dat,1,boundary,18,0.6309573444801932,0.0031622776601683794,8.11576187406671e-06,3702.4594000942234,231.40371250588896
NGC1003,data/SPARC/Rotmod\NGC1003_rotmod.dat,1,ok,36,254562.11170867676,82.36623895338717,134.2688946951871,102.67123550798767,3.019742220823167
NGC1090,data/SPARC/Rotmod\NGC1090_rotmod.dat,1,ok,24,9049.67730903456,1562.3718435626004,480.2089458178686,234.68207304637195,10.66736695665327
NGC1705,data/SPARC/Rotmod\NGC1705_rotmod.dat,3,ok,14,78312688.60796373,2.1846058318895802,62.462369007219436,0.9159339993479632,0.07632783327899693
NGC2366,data/SPARC/Rotmod\NGC2366_rotmod.dat,3,boundary,26,9049.67730903456,1584.893192461114,487.1310836287311,117.74258009804976,4.90594083741874
NGC2403,data/SPARC/Rotmod\NGC2403_rotmod.dat,1,ok,73,391601.29985398275,99.80654488884583,201.79498993916812,2894.6168947371707,40.7692520385517
NGC2683,data/SPARC/Rotmod\NGC2683_rotmod.dat,2,boundary,11,8300.56994790478,1584.893192461114,466.5339494966235,60.665960256063265,6.740662250673696
NGC2841,data/SPARC/Rotmod\NGC2841_rotmod.dat,1,ok,50,2721213.331384824,44.1213018220643,235.1575402668441,67.10895457621803,1.3981032203378756
NGC2903,data/SPARC/Rotmod\NGC2903_rotmod.dat,1,boundary,34,7454.8901263668695,1584.893192461114,442.12993393162344,6784.847933810307,212.0264979315721
NGC2915,data/SPARC/Rotmod\NGC2915_rotmod.dat,2,ok,30,12542626.481613103,6.785391705156939,77.64231286634005,38.98034505751958,1.3921551806256993
NGC2955,data/SPARC/Rotmod\NGC2955_rotmod.dat,1,boundary,24,0.6309573444801932,0.0031622776601683794,8.11576187406671e-06,1386.1382126706112,63.00628239411869
NGC2976,data/SPARC/Rotmod\NGC2976_rotmod.dat,2,boundary,27,0.6309573444801932,0.0031622776601683794,8.11576187406671e-06,28.27037387570976,1.1308149550283904
NGC2998,data/SPARC/Rotmod\NGC2998_rotmod.dat,1,ok,13,20988.239878380104,989.4932684535834,463.15904467330245,45.15330274331115,4.104845703937378
NGC3109,data/SPARC/Rotmod\NGC3109_rotmod.dat,1,ok,25,12497.551643187702,1542.8842060004101,557.2821071009289,204.72292978022557,8.900996946966329
NGC3198,data/SPARC/Rotmod\NGC3198_rotmod.dat,1,ok,43,38275.92187501082,468.26241071407134,295.99298756395814,631.153180527513,15.39398001286617
NGC3521,data/SPARC/Rotmod\NGC3521_rotmod.dat,1,boundary,41,942.6075961161705,1584.893192461114,157.21528360161776,1205.374585476112,30.907040653233643
NGC3726,data/SPARC/Rotmod\NGC3726_rotmod.dat,2,boundary,12,1723.5808281762131,1584.893192461114,212.59112158314423,251.52320927492414,25.152320927492415
NGC3741,data/SPARC/Rotmod\NGC3741_rotmod.dat,1,ok,21,417680.42749298475,41.259112099670155,86.15316483292715,9.349393299822555,0.4920733315696082
NGC3769,data/SPARC/Rotmod\NGC3769_rotmod.dat,2,ok,12,148554.18535246476,114.1744182248582,142.1806676409907,67.24466773092445,6.724466773092445
NGC3877,data/SPARC/Rotmod\NGC3877_rotmod.dat,2,boundary,13,0.6309573444801932,0.0031622776601683794,8.11576187406671e-06,278.2137844219608,25.292162220178252
NGC3893,data/SPARC/Rotmod\NGC3893_rotmod.dat,1,boundary,10,10076.269165111979,1584.893192461114,514.0190042030247,140.55473693144108,17.569342116430136
NGC3917,data/SPARC/Rotmod\NGC3917_rotmod.dat,1,ok,17,25962.71583139767,951.3346898708744,495.2650585240367,40.21901110733474,2.6812674071556493
NGC3949,data/SPARC/Rotmod\NGC3949_rotmod.dat,2,boundary,7,0.6309573444801932,0.0031622776601683794,8.11576187406671e-06,196.6137062427716,39.32274124855432
NGC3953,data/SPARC/Rotmod\NGC3953_rotmod.dat,1,boundary,8,0.6309573444801932,0.0031622776601683794,8.11576187406671e-06,69.07293117977919,11.512155196629864
NGC3972,data/SPARC/Rotmod\NGC3972_rotmod.dat,1,ok,10,19225.396252469014,1542.8842060004101,691.1945085223364,15.922056829908557,1.9902571037385697
NGC3992,data/SPARC/Rotmod\NGC3992_rotmod.dat,1,ok,9,259977.19388391875,142.40223958231903,234.59229357395742,5.6935647235345925,0.8133663890763704
NGC4010,data/SPARC/Rotmod\NGC4010_rotmod.dat,2,ok,12,11224.27434902557,1562.3718435626004,534.8017703098193,51.88304840754827,5.188304840754827
NGC4013,data/SPARC/Rotmod\NGC4013_rotmod.dat,2,boundary,36,11468.103576602998,1584.893192461114,548.37178242928,808.3563699089142,23.775187350262183
NGC4051,data/SPARC/Rotmod\NGC4051_rotmod.dat,2,boundary,7,0.6309573444801932,0.0031622776601683794,8.11576187406671e-06,104.7054435969878,20.941088719397563
NGC4068,data/SPARC/Rotmod\NGC4068_rotmod.dat,2,ok,6,3663.2428231588324,1560.9972597184067,305.2560570714202,10.258925441290936,2.564731360322734
NGC4085,data/SPARC/Rotmod\NGC4085_rotmod.dat,2,boundary,7,0.6309573444801932,0.0031622776601683794,8.11576187406671e-06,219.17822683601946,43.835645367203895
NGC4088,data/SPARC/Rotmod\NGC4088_rotmod.dat,1,boundary,12,0.6309573444801932,0.0031622776601683794,8.11576187406671e-06,619.0067617518001,61.90067617518001
NGC4100,data/SPARC/Rotmod\NGC4100_rotmod.dat,1,boundary,24,14532.827542082292,1584.893192461114,617.3114832348786,65.93948603811492,2.99724936536886
NGC4138,data/SPARC/Rotmod\NGC4138_rotmod.dat,2,ok,7,10747.309607980475,1563.7476378386064,523.7762989957454,15.653069911140898,3.1306139822281795
NGC4157,data/SPARC/Rotmod\NGC4157_rotmod.dat,1,boundary,17,3824.127592189072,1584.893192461114,316.66165912550275,342.0320839614283,22.80213893076189
NGC4183,data/SPARC/Rotmod\NGC4183_rotmod.dat,1,ok,23,3097094.3537718984,14.623831086738553,83.15103821534198,4.4829153882644555,0.21347216134592645
NGC4214,data/SPARC/Rotmod\NGC4214_rotmod.dat,2,ok,14,6713584.143685235,10.354702236415074,86.68503497446785,8.652780895182646,0.7210650745985538
NGC4217,data/SPARC/Rotmod\NGC4217_rotmod.dat,1,boundary,19,0.6309573444801932,0.0031622776601683794,8.11576187406671e-06,1595.2945838913843,93.84085787596378
NGC4389,data/SPARC/Rotmod\NGC4389_rotmod.dat,3,boundary,6,0.6309573444801932,0.0031622776601683794,8.11576187406671e-06,479.21468814459206,119.80367203614801
NGC4559,data/SPARC/Rotmod\NGC4559_rotmod.dat,1,boundary,32,8857.267481782155,1584.893192461114,481.92468917863,124.87163398522917,4.162387799507639
NGC5005,data/SPARC/Rotmod\NGC5005_rotmod.dat,1,boundary,18,0.6309573444801932,0.0031622776601683794,8.11576187406671e-06,251.4164593960225,15.713528712251406
NGC5033,data/SPARC/Rotmod\NGC5033_rotmod.dat,1,ok,22,1199876.8951947126,45.85550042588625,162.2889978579229,425.9051317137965,21.295256585689824
NGC5055,data/SPARC/Rotmod\NGC5055_rotmod.dat,1,boundary,28,4350.431893344547,1584.893192461114,337.75009736559934,90591.42472813228,3484.285566466626
NGC5371,data/SPARC/Rotmod\NGC5371_rotmod.dat,1,boundary,19,0.6309573444801932,0.0031622776601683794,8.11576187406671e-06,2412.5446249183096,141.91438970107703
NGC5585,data/SPARC/Rotmod\NGC5585_rotmod.dat,1,boundary,24,12497.551643187702,1584.893192461114,572.4555442266371,732.207345863434,33.28215208470155
NGC5907,data/SPARC/Rotmod\NGC5907_rotmod.dat,1,boundary,19,12231.834792671592,1584.893192461114,566.3372129015461,126.16503988987046,7.421472934698262
NGC5985,data/SPARC/Rotmod\NGC5985_rotmod.dat,1,ok,33,71798456.48236798,6.982914061855316,191.17167574457008,156.28300562020274,5.041387278071056
NGC6015,data/SPARC/Rotmod\NGC6015_rotmod.dat,2,ok,44,42561.48638975525,610.7076122215068,407.07180458925035,350.7831470669432,8.351979692070076
NGC6195,data/SPARC/Rotmod\NGC6195_rotmod.dat,1,boundary,23,0.6309573444801932,0.0031622776601683794,8.11576187406671e-06,1354.457591872274,64.49798056534638
NGC6503,data/SPARC/Rotmod\NGC6503_rotmod.dat,1,ok,31,700518.5890508154,45.41366419914844,122.8077210797937,701.4287153413816,24.187197080737295
NGC6674,data/SPARC/Rotmod\NGC6674_rotmod.dat,1,ok,15,400108.20546699484,108.81712506287626,222.39000907527654,59.011880295922104,4.539375407378623
NGC6789,data/SPARC/Rotmod\NGC6789_rotmod.dat,2,ok,4,62857.87749583009,1562.3718435626004,1265.5915183085742,4.205278660991553,2.1026393304957764
NGC6946,data/SPARC/Rotmod\NGC6946_rotmod.dat,1,boundary,58,0.6309573444801932,0.0031622776601683794,8.11576187406671e-06,5002.157013061194,89.32423237609275
NGC7331,data/SPARC/Rotmod\NGC7331_rotmod.dat,1,boundary,36,2595.067633491564,1584.893192461114,260.85768535160116,5769.642375102443,169.69536397360127
NGC7793,data/SPARC/Rotmod\NGC7793_rotmod.dat,1,boundary,46,7782.299018986255,1584.893192461114,451.7344924916844,76.95713727234514,1.7490258470987532
NGC7814,data/SPARC/Rotmod\NGC7814_rotmod.dat,1,boundary,18,34391.477918342396,1584.893192461114,949.6306328815264,157.98119525474542,9.873824703421588
PGC51017,data/SPARC/Rotmod\PGC51017_rotmod.dat,3,boundary,6,0.6309573444801932,0.0031622776601683794,8.11576187406671e-06,19.466892705464467,4.866723176366117
UGC00128,data/SPARC/Rotmod\UGC00128_rotmod.dat,1,ok,22,2662179.9611216956,20.865027442281875,109.99348469676761,68.93268252450142,3.446634126225071
UGC00191,data/SPARC/Rotmod\UGC00191_rotmod.dat,1,ok,9,2662179.9611216956,13.940105323166657,73.4875986037702,20.448303432846558,2.9211862046923653
UGC00634,data/SPARC/Rotmod\UGC00634_rotmod.dat,2,ok,4,1200407.0494335569,32.139094687559655,113.76985473608129,8.793172579025104,4.396586289512552
UGC00731,data/SPARC/Rotmod\UGC00731_rotmod.dat,1,ok,12,5302487.04722651,8.625411361174285,64.17249436450999,3.131636285783207,0.3131636285783207
UGC00891,data/SPARC/Rotmod\UGC00891_rotmod.dat,2,ok,5,65705.5293452536,268.0942267277416,222.03309708963545,14.936510225915216,4.9788367419717385
UGC01230,data/SPARC/Rotmod\UGC01230_rotmod.dat,1,ok,11,5535365.249699381,11.395354197717156,86.6224107209179,8.73074455707712,0.9700827285641245
UGC01281,data/SPARC/Rotmod\UGC01281_rotmod.dat,1,boundary,25,11717.229600246907,1584.893192461114,554.2960271686351,31.070218268477316,1.3508790551511876
UGC02023,data/SPARC/Rotmod\UGC02023_rotmod.dat,2,boundary,5,4350.431893344547,1584.893192461114,337.75009736559934,3.0072627770982816,1.0024209256994272
UGC02259,data/SPARC/Rotmod\UGC02259_rotmod.dat,2,ok,8,27224758.047750037,4.198447095404248,70.77827848590411,5.517956522458598,0.9196594204097663
UGC02455,data/SPARC/Rotmod\UGC02455_rotmod.dat,3,boundary,8,0.6309573444801932,0.0031622776601683794,8.11576187406671e-06,755.7110788807579,125.95184648012632
UGC02487,data/SPARC/Rotmod\UGC02487_rotmod.dat,1,ok,17,7160682.807207641,28.927771925347077,250.104495934554,61.6477023298657,4.109846821991047
UGC02885,data/SPARC/Rotmod\UGC02885_rotmod.dat,1,ok,19,18816.635249675728,1563.7476378386064,693.0537946171025,35.479785966944846,2.087046233349697
UGC02916,data/SPARC/Rotmod\UGC02916_rotmod.dat,2,boundary,43,0.6309573444801932,0.0031622776601683794,8.11576187406671e-06,10405.883490443955,253.8020363522916
UGC02953,data/SPARC/Rotmod\UGC02953_rotmod.dat,2,boundary,115,22841.983471909065,1584.893192461114,773.9202357096876,11061.213749542927,97.88684734108784
UGC03205,data/SPARC/Rotmod\UGC03205_rotmod.dat,1,boundary,48,19225.396252469014,1584.893192461114,710.0140548222483,196.90463467932497,4.280535536507065
UGC03546,data/SPARC/Rotmod\UGC03546_rotmod.dat,1,boundary,30,8857.267481782155,1584.893192461114,481.92468917863,949.3330869491955,33.90475310532841
UGC03580,data/SPARC/Rotmod\UGC03580_rotmod.dat,2,boundary,47,11468.103576602998,1584.893192461114,548.37178242928,5482.887689572669,121.84194865717042
UGC04278,data/SPARC/Rotmod\UGC04278_rotmod.dat,1,ok,25,17266.67175838925,1540.170523268297,653.8865732069902,49.41193004734306,2.14834478466709
UGC04305,data/SPARC/Rotmod\UGC04305_rotmod.dat,3,boundary,22,0.6309573444801932,0.0031622776601683794,8.11576187406671e-06,51.495040680848774,2.574752034042439
UGC04325,data/SPARC/Rotmod\UGC04325_rotmod.dat,1,ok,8,33781665.33305117,3.8875760603630853,73.00434730373061,13.5886698179339,2.2647783029889834
UGC04483,data/SPARC/Rotmod\UGC04483_rotmod.dat,2,ok,8,748161.2380918426,18.05724024226029,50.46360519181341,3.8918951885795208,0.6486491980965868
UGC04499,data/SPARC/Rotmod\UGC04499_rotmod.dat,1,ok,9,485701.3432520998,43.703868189082954,98.408775019358,11.394658272822946,1.6278083246889923
UGC05005,data/SPARC/Rotmod\UGC05005_rotmod.dat,1,ok,11,7616.8355710934975,1540.170523268297,434.2955639522339,3.2702764724717532,0.3633640524968615
UGC05253,data/SPARC/Rotmod\UGC05253_rotmod.dat,2,boundary,73,13329.840107498852,1584.893192461114,591.2099925914077,9145.711839477422,128.81284280954117
UGC05414,data/SPARC/Rotmod\UGC05414_rotmod.dat,1,boundary,6,9652.35071620174,1584.893192461114,503.0901827184812,9.595902368646525,2.3989755921616314
UGC05716,data/SPARC/Rotmod\UGC05716_rotmod.dat,2,ok,12,3092992.7134497855,11.8432513930319,67.29606837973047,23.321853576285342,2.3321853576285343
UGC05721,data/SPARC/Rotmod\UGC05721_rotmod.dat,1,ok,23,36031393.21293108,3.670108462174552,71.17848212945863,27.664839468782553,1.3173733080372645
UGC05750,data/SPARC/Rotmod\UGC05750_rotmod.dat,1,ok,11,105236.85620585289,107.78760131879515,112.97491832578828,7.198935240736082,0.7998816934151203
UGC05764,data/SPARC/Rotmod\UGC05764_rotmod.dat,2,ok,10,30366733.741458055,2.858355276034257,50.89141714038799,53.563994556041834,6.695499319505229
UGC05829,data/SPARC/Rotmod\UGC05829_rotmod.dat,2,ok,11,10518.805550378862,1501.9887046324873,497.7132194672465,0.6671471452376885,0.07412746058196538
UGC05918,data/SPARC/Rotmod\UGC05918_rotmod.dat,2,ok,8,3231686.742306245,7.256101747438094,42.145119350718936,0.739117926320305,0.12318632105338417
UGC05986,data/SPARC/Rotmod\UGC05986_rotmod.dat,2,boundary,15,29575.061709460802,1584.893192461114,880.6272611547071,66.14812342008827,5.088317186160636
UGC05999,data/SPARC/Rotmod\UGC05999_rotmod.dat,2,ok,5,50590.28736153888,364.94919993732253,265.2132911264692,9.409067551335877,3.1363558504452924
UGC06399,data/SPARC/Rotmod\UGC06399_rotmod.dat,1,ok,9,352014.9847035595,87.21603325448756,167.1884231273094,3.6720518772480704,0.5245788396068672
UGC06446,data/SPARC/Rotmod\UGC06446_rotmod.dat,1,ok,17,10790837.583480377,6.7200117215104855,71.3225569333664,3.053804255866864,0.20358695039112426
UGC06614,data/SPARC/Rotmod\UGC06614_rotmod.dat,1,boundary,13,9652.35071620174,1584.893192461114,503.0901827184812,97.85608857304864,8.89600805209533
UGC06628,data/SPARC/Rotmod\UGC06628_rotmod.dat,2,boundary,7,0.6309573444801932,0.0031622776601683794,8.11576187406671e-06,6.670312378891314,1.3340624757782629
UGC06667,data/SPARC/Rotmod\UGC06667_rotmod.dat,1,ok,9,2605577.988593585,19.508059309060776,101.74085933291535,8.94403044311981,1.2777186347314016
UGC06786,data/SPARC/Rotmod\UGC06786_rotmod.dat,1,ok,45,359344.32564683934,186.28740210579298,360.8013698578402,400.0604525936582,9.30373145566647
UGC06787,data/SPARC/Rotmod\UGC06787_rotmod.dat,2,ok,71,81242.66716069948,747.0218989273319,687.9465792481487,3590.5886260521042,52.03751631959572
UGC06818,data/SPARC/Rotmod\UGC06818_rotmod.dat,2,boundary,8,8124.087276176981,1584.893192461114,461.5476945704357,39.46055719638281,6.576759532730468
UGC06917,data/SPARC/Rotmod\UGC06917_rotmod.dat,1,ok,11,265859.55787146924,118.62030091318609,197.61251996240412,11.61604717160648,1.2906719079562756
UGC06923,data/SPARC/Rotmod\UGC06923_rotmod.dat,2,ok,6,12769.040763019517,1563.7476378386064,570.9197923968097,9.352724801382308,2.338181200345577
UGC06930,data/SPARC/Rotmod\UGC06930_rotmod.dat,1,ok,10,2239685.5620255135,17.555732720229646,84.887116466051,2.852359970291626,0.35654499628645325
UGC06973,data/SPARC/Rotmod\UGC06973_rotmod.dat,3,boundary,9,0.6309573444801932,0.0031622776601683794,8.11576187406671e-06,3515.092123754741,502.1560176792487
UGC06983,data/SPARC/Rotmod\UGC06983_rotmod.dat,1,ok,17,4460969.527205305,13.942559536021866,95.1451010680533,10.813988552179362,0.7209325701452908
UGC07089,data/SPARC/Rotmod\UGC07089_rotmod.dat,2,ok,12,6141.145689329677,1540.170523268297,389.96246182592284,10.6152907018649,1.0615290701864901
UGC07125,data/SPARC/Rotmod\UGC07125_rotmod.dat,1,ok,13,176421.51968781996,43.7115624347608,59.3200359416182,13.540017113613496,1.230910646692136
UGC07151,data/SPARC/Rotmod\UGC07151_rotmod.dat,1,ok,11,967839.5323442081,26.523073769653333,84.30529020556322,17.479427933689017,1.9421586592987796
UGC07232,data/SPARC/Rotmod\UGC07232_rotmod.dat,2,boundary,4,19643.03692770045,1584.893192461114,717.6845753776925,8.144469421662013,4.072234710831006
UGC07261,data/SPARC/Rotmod\UGC07261_rotmod.dat,2,ok,7,4273292.198263318,9.495611457069044,63.42106440567975,1.7105286179573191,0.34210572359146385
UGC07323,data/SPARC/Rotmod\UGC07323_rotmod.dat,1,boundary,10,8124.087276176981,1584.893192461114,461.5476945704357,11.801563639107378,1.4751954548884223
UGC07399,data/SPARC/Rotmod\UGC07399_rotmod.dat,1,ok,10,16254141.223214088,7.834958442206347,102.05822421958294,10.240448030940726,1.2800560038675908
UGC07524,data/SPARC/Rotmod\UGC07524_rotmod.dat,1,ok,31,988864.282653425,25.524496656228603,82.00773699717308,27.282806995698436,0.9407864481275323
UGC07559,data/SPARC/Rotmod\UGC07559_rotmod.dat,2,boundary,7,4448.86677340993,1584.893192461114,341.54976910670155,3.8293690833638103,0.7658738166727621
UGC07577,data/SPARC/Rotmod\UGC07577_rotmod.dat,2,boundary,9,0.6309573444801932,0.0031622776601683794,8.11576187406671e-06,2.7906408832311125,0.39866298331873035
UGC07603,data/SPARC/Rotmod\UGC07603_rotmod.dat,1,ok,12,656489.5505508549,55.564987788828695,145.46028292572421,19.193157235014382,1.9193157235014382
UGC07608,data/SPARC/Rotmod\UGC07608_rotmod.dat,1,ok,8,20069.750171908698,1542.8842060004101,706.2095926051127,2.813251993951338,0.468875332325223
UGC07690,data/SPARC/Rotmod\UGC07690_rotmod.dat,2,ok,7,6034919.241909092,5.492313917080977,43.59336350984936,2.187917786259214,0.4375835572518428
UGC07866,data/SPARC/Rotmod\UGC07866_rotmod.dat,2,ok,7,5882.781714281632,1540.170523268297,381.67127006818544,0.17923870756162033,0.03584774151232407
UGC08286,data/SPARC/Rotmod\UGC08286_rotmod.dat,1,ok,17,12020254.670461068,6.5287765398620605,73.13376546086081,31.277101141558923,2.085140076103928
UGC08490,data/SPARC/Rotmod\UGC08490_rotmod.dat,1,ok,30,19311790.52411213,4.801153218308471,68.16887590022934,4.719662952699522,0.16855939116784008
UGC08550,data/SPARC/Rotmod\UGC08550_rotmod.dat,1,ok,11,5532920.581157935,7.257379213983313,55.1551830892264,4.843211145568216,0.5381345717298018
UGC08699,data/SPARC/Rotmod\UGC08699_rotmod.dat,2,ok,41,20069.750171908698,1563.7476378386064,715.75921119703,585.2008808153092,15.005150790136135
UGC08837,data/SPARC/Rotmod\UGC08837_rotmod.dat,2,boundary,8,2380.2550826686293,1584.893192461114,249.82796272631907,36.597808426064695,6.099634737677449
UGC09037,data/SPARC/Rotmod\UGC09037_rotmod.dat,2,boundary,22,0.6309573444801932,0.0031622776601683794,8.11576187406671e-06,813.1865602807865,40.659328014039325
UGC09133,data/SPARC/Rotmod\UGC09133_rotmod.dat,1,ok,68,176421.51968781996,155.25837840715204,210.69785828624586,5645.522712076508,85.53822291025011
UGC09992,data/SPARC/Rotmod\UGC09992_rotmod.dat,2,ok,5,45660384.92474012,0.8206230867356018,17.916072487137594,0.049452009401324035,0.01648400313377468
UGC10310,data/SPARC/Rotmod\UGC10310_rotmod.dat,1,ok,7,4095319.316071455,8.962857325149464,58.60297503079941,1.6736402046648953,0.33472804093297903
UGC11455,data/SPARC/Rotmod\UGC11455_rotmod.dat,1,boundary,36,1799.2782134800252,1584.893192461114,217.20932026161267,1407.8135105907686,41.4062797232579
UGC11557,data/SPARC/Rotmod\UGC11557_rotmod.dat,2,boundary,12,0.6309573444801932,0.0031622776601683794,8.11576187406671e-06,79.37975868717608,7.937975868717608
UGC11820,data/SPARC/Rotmod\UGC11820_rotmod.dat,1,ok,10,541038.0607167151,38.20411043075695,90.79319444113528,5.60617826925266,0.7007722836565825
UGC11914,data/SPARC/Rotmod\UGC11914_rotmod.dat,1,boundary,65,0.6309573444801932,0.0031622776601683794,8.11576187406671e-06,961.6180574240677,15.263778689270916
UGC12506,data/SPARC/Rotmod\UGC12506_rotmod.dat,2,ok,31,17336603.982608967,12.78579770314599,172.00423458829468,11.459462165138994,0.3951538677634136
UGC12632,data/SPARC/Rotmod\UGC12632_rotmod.dat,1,ok,15,3754661.101833958,9.773748558372533,61.18934856421822,3.8129105509237284,0.2933008116095176
UGC12732,data/SPARC/Rotmod\UGC12732_rotmod.dat,1,ok,16,1587310.4320203948,21.476187479489774,87.42133165394544,2.2431045060319454,0.16022175043085324
UGCA281,data/SPARC/Rotmod\UGCA281_rotmod.dat,3,ok,7,32973.71392216512,510.1779830793287,299.31945185942925,1.8967149308188844,0.3793429861637769
UGCA442,data/SPARC/Rotmod\UGCA442_rotmod.dat,1,ok,8,796929.0611307386,27.565569697944312,79.50713432223336,12.068584664469007,2.0114307774115012
UGCA444,data/SPARC/Rotmod\UGCA444_rotmod.dat,2,ok,36,28984.637001123152,525.029234404565,288.7996848201451,2.127611750741536,0.06257681619828047
