galaxy,source,q_flag,fit_status,n_points,vh_best,chi2_min,chi2_vh0,delta_chi2_vh0,vh_minus,vh_plus,vh_bs_p16,vh_bs_p50,vh_bs_p84,rho0_r0_1kpc
CamB,data/SPARC/Rotmod\CamB_rotmod.dat,2,boundary_zero,9,0.0,85.2602347635461,85.2602347635461,0.0,0.0,0.9363334883063141,0.0,0.0,0.0,0.0
D512-2,data/SPARC/Rotmod\D512-2_rotmod.dat,2,ok,4,22.66,5.657848818561196,43.22293319018362,37.56508437162242,2.269271484552018,2.1752613516039183,19.8,22.98,27.12,9500568.472378733
D564-8,data/SPARC/Rotmod\D564-8_rotmod.dat,2,ok,6,14.472750000000001,55.28700483877255,171.0846872765243,115.79768243775175,0.8676365382042395,0.8443785148391232,11.888,14.490000000000002,16.964499999999997,3875537.1274666367
D631-7,data/SPARC/Rotmod\D631-7_rotmod.dat,1,ok,16,29.76,699.3986443797471,1221.9606495647536,522.5620051850065,0.689453392619118,0.6838345177167184,23.8472,30.28,35.44,16386855.91269111
DDO064,data/SPARC/Rotmod\DDO064_rotmod.dat,1,ok,14,22.0,55.263745210426144,115.6132591723836,60.34951396195745,1.798630113896376,1.754826031554959,18.64709,22.450000000000003,26.3952,8955196.976509316
DDO154,data/SPARC/Rotmod\DDO154_rotmod.dat,2,ok,12,38.94,2311.688383413103,31045.999926036442,28734.311542623338,0.1013307015119338,0.1148925061541064,37.68,38.84,40.0832,28055736.60770603
DDO161,data/SPARC/Rotmod\DDO161_rotmod.dat,1,ok,31,49.260000000000005,1280.532893430718,4170.196237934003,2889.663344503285,0.33498542999725345,0.33547548209543265,47.034400000000005,49.28,51.126400000000004,44897131.67536351
DDO168,data/SPARC/Rotmod\DDO168_rotmod.dat,2,ok,10,30.8,402.7336379669702,1006.3475630063095,603.6139250393394,0.6508801848565362,0.6302168052465333,27.1136,31.369999999999997,35.5864,17552186.07395826
DDO170,data/SPARC/Rotmod\DDO170_rotmod.dat,2,ok,8,47.019999999999996,178.91716407465697,1518.3390006120244,1339.4218365373674,0.501386309840349,0.4974235130797595,44.78,46.82,48.6432,40906755.11054484
ESO079-G014,data/SPARC/Rotmod\ESO079-G014_rotmod.dat,1,ok,15,94.82,426.1254140247934,572.8452622718237,146.7198482470303,1.5350740431088639,1.508444593742297,83.8104,94.1,102.2696,166352634.5553347
ESO116-G012,data/SPARC/Rotmod\ESO116-G012_rotmod.dat,1,ok,15,68.8,887.6274047382083,1253.3123056369318,365.6849008987235,0.9661747163725067,0.9514799176525202,58.9056,69.05,76.3728,87580346.23241374
ESO444-G084,data/SPARC/Rotmod\ESO444-G084_rotmod.dat,2,ok,7,44.42,373.64324837495053,879.5490564983584,505.90580812340784,0.8258828079779974,0.8368563906497926,36.3496,43.7,51.452,36507903.14776958
ESO563-G021,data/SPARC/Rotmod\ESO563-G021_rotmod.dat,1,ok,30,90.4,1547.4694789636794,1584.57391959668,37.10444063300065,2.9995458610725763,2.92790069428591,57.492799999999995,89.24000000000001,117.62960000000001,151205170.50320324
F561-1,data/SPARC/Rotmod\F561-1_rotmod.dat,3,boundary_zero,6,0.0,3.727396887316666,3.727396887316666,0.0,0.0,11.12757130870058,0.0,0.0,5.029999999999999,0.0
F563-1,data/SPARC/Rotmod\F563-1_rotmod.dat,1,ok,17,74.48,117.76616636565923,163.59995666785312,45.83379030219389,2.8665288031813247,2.849107813733127,64.52,74.91,84.1584,102638221.30983393
F563-V1,data/SPARC/Rotmod\F563-V1_rotmod.dat,3,ok,6,1.5372499999999998,0.8697143109258483,0.8705252366716097,0.0008109257457614705,0.0,8.09720599624255,0.0,1.5372499999999998,4.9285000000000005,43723.88916275948
F563-V2,data/SPARC/Rotmod\F563-V2_rotmod.dat,1,ok,10,54.22,91.79083200640997,111.05671956094089,19.26588755453092,4.323740439084901,4.213934434318752,41.1512,55.099999999999994,74.4032,54393725.81652208
F565-V2,data/SPARC/Rotmod\F565-V2_rotmod.dat,2,ok,7,61.379999999999995,33.1988887551245,77.39706591136817,44.19817715624367,2.887352504677999,2.8550254738635488,54.393600000000006,60.54,66.1096,69708148.78484614
F567-2,data/SPARC/Rotmod\F567-2_rotmod.dat,3,ok,5,29.44,2.9495321305941564,14.418515896331883,11.468983765737725,4.593299054127964,4.219174127786214,25.56,29.89,32.3632,16036345.062436992
F568-1,data/SPARC/Rotmod\F568-1_rotmod.dat,1,ok,12,79.72,123.56784059708839,152.96461204206392,29.396771444975528,3.597930114106802,3.5506626576772646,67.3336,79.64,93.6664,117588367.58792347
F568-3,data/SPARC/Rotmod\F568-3_rotmod.dat,1,ok,18,31.28,196.29594367260037,251.00830700891095,54.712363336310574,2.1273259564275087,2.037048228930665,25.287200000000002,32.28,52.940799999999996,18103530.168141764
F568-V1,data/SPARC/Rotmod\F568-V1_rotmod.dat,1,ok,15,89.53999999999999,23.741896235727804,67.96880619776924,44.22690996204143,2.9443304124988288,2.921651140882176,85.4736,90.03,94.06559999999999,148341942.39617914
F571-8,data/SPARC/Rotmod\F571-8_rotmod.dat,1,ok,13,57.74,1363.8069060930338,1434.606500910461,70.79959481742708,2.140790699706457,2.081854952636462,26.5584,56.14,77.07199999999999,61685535.6600856
F571-V1,data/SPARC/Rotmod\F571-V1_rotmod.dat,2,ok,7,63.6,21.28002018036123,59.87158654836635,38.59156636800512,3.061395488941507,3.037940928924833,58.4912,63.440000000000005,67.396,74841763.55806017
F574-1,data/SPARC/Rotmod\F574-1_rotmod.dat,1,ok,14,62.42,254.07377534444947,395.9597513270424,141.88597598259292,1.5581694276044757,1.540109173745421,55.1536,62.46,70.556,72090379.20038238
F574-2,data/SPARC/Rotmod\F574-2_rotmod.dat,3,boundary_zero,5,0.0,3.3569881462025783,3.3569881462025783,0.0,0.0,8.313617835967383,0.0,0.0,0.0,0.0
F579-V1,data/SPARC/Rotmod\F579-V1_rotmod.dat,1,ok,14,74.4,24.121427256607223,50.71993237290502,26.598505116297797,3.6660421853409133,3.5882483000423377,67.29119999999999,74.50999999999999,81.5064,102417849.45431943
F583-1,data/SPARC/Rotmod\F583-1_rotmod.dat,1,ok,25,45.3,267.24695462140784,493.38936107748583,226.142406456078,1.230669578381331,1.2030029388174555,40.1504,45.410000000000004,51.115199999999994,37968740.007283054
F583-4,data/SPARC/Rotmod\F583-4_rotmod.dat,1,ok,12,37.04,72.52861859275727,147.84340098425696,75.31478239149969,1.948878977208878,1.8978727710073287,31.34,36.89,41.886399999999995,25384682.5872043
IC2574,data/SPARC/Rotmod\IC2574_rotmod.dat,2,ok,34,14.110000000000001,6120.25891006754,7407.339165039874,1287.0802549723348,0.23295795402841968,0.23649037300889475,9.18836,14.429625000000001,32.886399999999995,3683696.223072088
IC4202,data/SPARC/Rotmod\IC4202_rotmod.dat,1,boundary_zero,32,0.0,1850.4739547012236,1850.4739547012236,0.0,0.0,4.106212185576877,0.0,0.0,14.18237999999998,0.0
KK98-251,data/SPARC/Rotmod\KK98-251_rotmod.dat,2,ok,15,13.018500000000001,133.29339791089862,228.24103710495388,94.94763919405526,0.8193651539634441,0.7964896528487877,10.548119999999999,13.059750000000001,15.661179999999998,3135823.974570126
NGC0024,data/SPARC/Rotmod\NGC0024_rotmod.dat,1,ok,29,75.3,322.3911310298623,514.3236246711224,191.93249364126007,1.356808622052455,1.3546504996847943,67.488,74.63,81.1056,104910687.65399937
NGC0055,data/SPARC/Rotmod\NGC0055_rotmod.dat,2,ok,21,40.6,491.46791714948415,891.0040247029364,399.5361075534522,0.8207332018082099,0.8242819890794664,33.680800000000005,40.69,47.0728,30498736.545865487
NGC0100,data/SPARC/Rotmod\NGC0100_rotmod.dat,1,ok,21,40.64,260.5790247078009,369.4185285439008,108.83950383609988,1.6119394718401452,1.573112021256243,33.644,40.599999999999994,47.4864,30558862.182425123
NGC0247,data/SPARC/Rotmod\NGC0247_rotmod.dat,2,ok,26,45.120000000000005,862.0558133117052,2210.714976541727,1348.659163230022,0.48095417808200835,0.4815014836845961,39.6768,45.32,50.2464,37667601.15622754
NGC0289,data/SPARC/Rotmod\NGC0289_rotmod.dat,2,ok,28,120.44,277.84513542461076,404.01409548029665,126.16896005568589,1.7010132996169034,1.6944680101124447,115.4736,120.64,126.1496,268393055.7615458
NGC0300,data/SPARC/Rotmod\NGC0300_rotmod.dat,2,ok,25,63.42,561.8907963773263,982.5237922502147,420.6329958728884,0.9145862208156643,0.8943779940498189,54.9104,64.1,71.0688,74418730.4142748
NGC0801,data/SPARC/Rotmod\NGC0801_rotmod.dat,1,boundary_zero,13,0.0,686.6401884647383,686.6401884647383,0.0,0.0,13.217372148082662,0.0,0.0,55.5832,0.0
NGC0891,data/SPARC/Rotmod\NGC0891_rotmod.dat,1,boundary_zero,18,0.0,3702.4594000942234,3702.4594000942234,0.0,0.0,2.343388856148241,0.0,0.0,0.0,0.0
NGC1003,data/SPARC/Rotmod\NGC1003_rotmod.dat,1,ok,36,84.8,1414.0028643138844,3024.6882413438743,1610.68537702999,0.48103290629093465,0.46565578390610085,81.9936,84.72,87.9088,133052024.10321806
NGC1090,data/SPARC/Rotmod\NGC1090_rotmod.dat,1,ok,24,83.9,846.7804232558678,1072.9361371905356,226.1557139346678,1.2090879680393556,1.1993123266231862,75.8256,83.39,90.3752,130242793.61366558
NGC1705,data/SPARC/Rotmod\NGC1705_rotmod.dat,3,ok,14,61.96,16.13141660548928,201.4045572319619,185.2731406264726,1.401969724915233,1.3848764919655139,60.9536,62.08,62.96,71031763.90292042
NGC2366,data/SPARC/Rotmod\NGC2366_rotmod.dat,3,ok,26,27.3,805.2706232879714,1521.765919899649,716.4952966116775,0.5444593159475062,0.5503827457413912,23.2952,27.53,31.0264,13789708.17070791
NGC2403,data/SPARC/Rotmod\NGC2403_rotmod.dat,1,ok,73,83.52,31577.78791380194,48745.526746109696,17167.738832307754,0.14188683361609833,0.14250303906214867,76.64,83.29,88.3,129065673.6765442
NGC2683,data/SPARC/Rotmod\NGC2683_rotmod.dat,2,ok,11,63.96,107.83296156227722,115.5010883720064,7.6681268097291735,6.5088460914839175,5.993044523555021,42.7016,65.15,84.28240000000001,75691426.72639999
NGC2841,data/SPARC/Rotmod\NGC2841_rotmod.dat,1,ok,50,219.38,927.3970910525904,1328.3329729864392,400.9358819338488,0.9711884002269073,0.9784265417927713,215.7904,218.8,221.8936,890479335.342101
NGC2903,data/SPARC/Rotmod\NGC2903_rotmod.dat,1,ok,34,20.56,7650.648404470618,7660.33941113203,9.691006661412757,3.6270461557081717,3.0861503598057745,0.0,22.520000000000003,49.812799999999996,7821247.009606131
NGC2915,data/SPARC/Rotmod\NGC2915_rotmod.dat,2,ok,30,73.2,121.26281085998009,306.21001725941477,184.94720639943466,1.44513831243016,1.456451640002939,70.9,73.2,75.0296,99140691.42027123
NGC2955,data/SPARC/Rotmod\NGC2955_rotmod.dat,1,boundary_zero,24,0.0,1386.1382126706112,1386.1382126706112,0.0,0.0,3.6261277938135104,0.0,0.0,0.0,0.0
NGC2976,data/SPARC/Rotmod\NGC2976_rotmod.dat,2,boundary_zero,27,0.0,28.270373875707328,28.270373875707328,0.0,0.0,2.289595247432827,0.0,0.0,0.0,0.0
NGC2998,data/SPARC/Rotmod\NGC2998_rotmod.dat,1,ok,13,124.3,191.1562285486637,324.4971448852813,133.34091633661757,1.6349255943576964,1.6083328215549955,115.96000000000001,123.78999999999999,129.3056,285872275.48261863
NGC3109,data/SPARC/Rotmod\NGC3109_rotmod.dat,1,ok,25,23.44,2005.3436135915665,3093.884267791877,1088.5406542003104,0.47218530849632145,0.4535262038418928,18.2788,23.700000000000003,33.3688,10165880.399819482
NGC3198,data/SPARC/Rotmod\NGC3198_rotmod.dat,1,ok,43,85.82,4704.037411613498,5834.133881549022,1130.0964699355236,0.5508922709570783,0.538820126009071,78.37039999999999,86.76,94.6152,136272053.90134752
NGC3521,data/SPARC/Rotmod\NGC3521_rotmod.dat,1,boundary_zero,41,0.0,1205.6353624276444,1205.6353624276444,0.0,0.0,4.1197224741678395,0.0,0.0,0.0,0.0
NGC3726,data/SPARC/Rotmod\NGC3726_rotmod.dat,2,boundary_zero,12,0.0,257.3266487333951,257.3266487333951,0.0,0.0,7.029931190389656,0.0,0.0,0.0,0.0
NGC3741,data/SPARC/Rotmod\NGC3741_rotmod.dat,1,ok,21,32.74,474.7144999978185,1638.0463693313445,1163.331869333526,0.5407199567085783,0.5368168561081745,30.0968,32.96,35.2528,19832941.526068922
NGC3769,data/SPARC/Rotmod\NGC3769_rotmod.dat,2,ok,12,65.2,137.76470210536408,169.5733245164086,31.808622411044524,3.2366773246873706,3.13883788608959,57.462399999999995,66.0,72.7032,78654753.21285157
NGC3877,data/SPARC/Rotmod\NGC3877_rotmod.dat,2,boundary_zero,13,0.0,278.2137844219607,278.2137844219607,0.0,0.0,4.675798700722785,0.0,0.0,0.0,0.0
NGC3893,data/SPARC/Rotmod\NGC3893_rotmod.dat,1,boundary_zero,10,0.0,167.3618552741629,167.3618552741629,0.0,0.0,0.0,0.0,10.7805,53.373599999999996,0.0
NGC3917,data/SPARC/Rotmod\NGC3917_rotmod.dat,1,ok,17,59.58,300.77273644742735,395.68296024196457,94.91022379453722,1.8164382721287353,1.7955205127317626,48.6736,59.910000000000004,70.128,65679642.323479585
NGC3949,data/SPARC/Rotmod\NGC3949_rotmod.dat,2,boundary_zero,7,0.0,196.6137062427716,196.6137062427716,0.0,0.0,6.065058564023475,0.0,0.0,0.0,0.0
NGC3953,data/SPARC/Rotmod\NGC3953_rotmod.dat,1,boundary_zero,8,0.0,69.07293117977918,69.07293117977918,0.0,0.0,8.11637367274838,0.0,0.0,0.0,0.0
NGC3972,data/SPARC/Rotmod\NGC3972_rotmod.dat,1,ok,10,53.7,88.01924638767542,121.93919199765196,33.91994560997654,3.022960279125229,2.906967156691465,42.4256,53.69,62.224,53355396.63055816
NGC3992,data/SPARC/Rotmod\NGC3992_rotmod.dat,1,ok,9,148.02,45.37938145062557,74.8515568491003,29.472175398474732,3.5424734968368625,3.5006481631596387,139.34,147.43,154.7488,405387712.6480161
NGC4010,data/SPARC/Rotmod\NGC4010_rotmod.dat,2,ok,12,42.14,115.84031957520573,135.66572022898453,19.8254006537788,3.736991841291008,3.513445497439122,31.361600000000003,41.71,53.812799999999996,32856314.26625397
NGC4013,data/SPARC/Rotmod\NGC4013_rotmod.dat,2,ok,36,83.48,1445.6249996775155,1558.7701580862445,113.145158408729,1.7122528198049167,1.698116593151937,69.9312,83.43,94.63600000000001,128942077.15628994
NGC4051,data/SPARC/Rotmod\NGC4051_rotmod.dat,2,boundary_zero,7,0.0,104.70544359698778,104.70544359698778,0.0,0.0,7.157518182420018,0.0,0.0,0.0,0.0
NGC4068,data/SPARC/Rotmod\NGC4068_rotmod.dat,2,ok,6,10.065,22.82587883082992,27.225654655079808,4.399775824249886,2.927401516436933,2.3519096621869178,2.8917,10.065,14.352,1874378.6971645027
NGC4085,data/SPARC/Rotmod\NGC4085_rotmod.dat,2,boundary_zero,7,0.0,219.1782268360194,219.1782268360194,0.0,0.0,4.587176921832275,0.0,0.0,0.0,0.0
NGC4088,data/SPARC/Rotmod\NGC4088_rotmod.dat,1,boundary_zero,12,0.0,619.0067617518,619.0067617518,0.0,0.0,4.746406671948941,0.0,0.0,0.0,0.0
NGC4100,data/SPARC/Rotmod\NGC4100_rotmod.dat,1,ok,24,86.18,160.3694034378841,219.74860310159545,59.37919966371135,2.400291055217579,2.3520436959620525,80.8112,86.68,91.6976,137417727.0352018
NGC4138,data/SPARC/Rotmod\NGC4138_rotmod.dat,2,ok,7,57.72,22.861819074341483,24.844438212768914,1.982619138427431,13.500228444015761,11.203185401264676,33.107200000000006,58.06,71.76,61642809.74922163
NGC4157,data/SPARC/Rotmod\NGC4157_rotmod.dat,1,boundary_zero,17,0.0,360.6636329582609,360.6636329582609,0.0,0.0,11.729268961829144,0.0,0.0,33.322399999999995,0.0
NGC4183,data/SPARC/Rotmod\NGC4183_rotmod.dat,1,ok,23,73.64,71.79224572918739,204.2327376530756,132.4404919238882,1.6204653422904158,1.6164245678141924,70.97680000000001,73.55,76.16,100336128.80575362
NGC4214,data/SPARC/Rotmod\NGC4214_rotmod.dat,2,ok,14,58.22,41.44311176908872,123.17965109244636,81.73653932335765,2.0655295568330487,2.0451013430050935,54.8072,58.78,62.0664,62715398.114362635
NGC4217,data/SPARC/Rotmod\NGC4217_rotmod.dat,1,boundary_zero,19,0.0,1595.2945838913838,1595.2945838913838,0.0,0.0,3.9199090775510634,0.0,0.0,0.0,0.0
NGC4389,data/SPARC/Rotmod\NGC4389_rotmod.dat,3,boundary_zero,6,0.0,479.21468814459195,479.21468814459195,0.0,0.0,3.864618335365543,0.0,0.0,0.0,0.0
NGC4559,data/SPARC/Rotmod\NGC4559_rotmod.dat,1,ok,32,61.28,355.99493779254567,473.16391667042734,117.16897887788167,1.6170348291379,1.57919509346587,56.4304,61.480000000000004,65.3856,69481197.44990017
NGC5005,data/SPARC/Rotmod\NGC5005_rotmod.dat,1,boundary_zero,18,0.0,251.4164593960225,251.4164593960225,0.0,0.0,9.156319517333118,0.0,0.0,0.0,0.0
NGC5033,data/SPARC/Rotmod\NGC5033_rotmod.dat,1,ok,22,138.3,925.0629156867981,1327.5916964373687,402.5287807505706,0.9468843364489032,0.9439913491308403,133.8968,138.74,142.8432,353894767.55790555
NGC5055,data/SPARC/Rotmod\NGC5055_rotmod.dat,1,boundary_zero,28,0.0,95924.39957973869,95924.39957973869,0.0,0.0,0.6909378425155125,0.0,0.0,40.794399999999996,0.0
NGC5371,data/SPARC/Rotmod\NGC5371_rotmod.dat,1,boundary_zero,19,0.0,2412.544624918309,2412.544624918309,0.0,0.0,2.314995922285942,0.0,0.0,0.0,0.0
NGC5585,data/SPARC/Rotmod\NGC5585_rotmod.dat,1,ok,24,25.28,3765.2536951006236,4146.848758621301,381.59506352067774,0.6796369439175187,0.656891026657437,14.611440000000002,24.490000000000002,35.615199999999994,11824530.899653742
NGC5907,data/SPARC/Rotmod\NGC5907_rotmod.dat,1,ok,19,123.32,718.8533573383503,1028.666757469989,309.8134001316388,1.0562656529149734,1.0693117798854672,116.6872,123.78999999999999,129.45520000000002,281382324.74332774
NGC5985,data/SPARC/Rotmod\NGC5985_rotmod.dat,1,ok,33,196.52,136.3810819814244,378.2067508347182,241.82566885329382,1.2551882709004758,1.247515943941437,193.1368,196.43,199.42000000000002,714567553.4845785
NGC6015,data/SPARC/Rotmod\NGC6015_rotmod.dat,2,ok,44,67.44,2489.107060954333,3011.478883537977,522.3718225836437,0.7840998971220472,0.7617844569893606,60.368,68.01,74.4864,84152089.60210735
NGC6195,data/SPARC/Rotmod\NGC6195_rotmod.dat,1,boundary_zero,23,0.0,1354.457591872274,1354.457591872274,0.0,0.0,3.3312354446898196,0.0,0.0,0.0,0.0
NGC6503,data/SPARC/Rotmod\NGC6503_rotmod.dat,1,ok,31,86.34,2326.937031024083,5300.504280683938,2973.5672496598554,0.33858093830686187,0.3487478488190021,84.36399999999999,86.39,88.2032,137928454.50045383
NGC6674,data/SPARC/Rotmod\NGC6674_rotmod.dat,1,ok,15,181.4,342.9312632366885,814.1075040470682,471.17624081037974,0.8861170750266467,0.9021175180444914,175.9512,181.07999999999998,186.0328,608841639.465158
NGC6789,data/SPARC/Rotmod\NGC6789_rotmod.dat,2,ok,4,24.06,27.145085462014915,55.041599282113935,27.89651382009902,2.8898515237911795,2.770197028096149,18.5185,24.46,34.96,10710778.232377741
NGC6946,data/SPARC/Rotmod\NGC6946_rotmod.dat,1,boundary_zero,58,0.0,5002.1570130611935,5002.1570130611935,0.0,0.0,1.0996485683981732,0.0,0.0,0.0,0.0
NGC7331,data/SPARC/Rotmod\NGC7331_rotmod.dat,1,boundary_zero,36,0.0,5836.340003639706,5836.340003639706,0.0,0.0,3.5469212978756786,0.0,0.0,0.0,0.0
NGC7793,data/SPARC/Rotmod\NGC7793_rotmod.dat,1,boundary_zero,46,0.0,116.89254652096827,116.89254652096827,0.0,0.0,6.642369915275144,0.0,0.0,7.185,0.0
NGC7814,data/SPARC/Rotmod\NGC7814_rotmod.dat,1,ok,18,132.04,501.88095589789333,654.1454683423443,152.264512444451,1.5427198612047448,1.5472582877877414,126.4648,131.99,137.1232,322582506.87414336
PGC51017,data/SPARC/Rotmod\PGC51017_rotmod.dat,3,boundary_zero,6,0.0,19.46689270546431,19.46689270546431,0.0,0.0,2.4297568333316217,0.0,0.0,0.0,0.0
UGC00128,data/SPARC/Rotmod\UGC00128_rotmod.dat,1,ok,22,109.64,834.076337733091,7729.3599614699815,6895.28362373689,0.24338521085554987,0.22906322454080907,108.09039999999999,109.8,111.2664,222416926.46436223
UGC00191,data/SPARC/Rotmod\UGC00191_rotmod.dat,1,ok,9,54.22,974.7470513330227,2087.8206584397267,1113.073607106704,0.5449750310435064,0.5534351541668912,44.0616,53.96,58.1832,54393725.81652208
UGC00634,data/SPARC/Rotmod\UGC00634_rotmod.dat,2,ok,4,90.9,100.68003069674879,564.2510749746921,463.5710442779433,0.9009182833951144,0.8893405345514225,86.96000000000001,91.53999999999999,93.82,152882419.68898955
UGC00731,data/SPARC/Rotmod\UGC00731_rotmod.dat,1,ok,12,53.54,188.58858513077857,655.1560039209545,466.5674187901759,0.8908016199143702,0.8739355322242162,49.6608,53.63,57.685599999999994,53037923.79625704
UGC00891,data/SPARC/Rotmod\UGC00891_rotmod.dat,2,ok,5,50.0,315.41976626529225,2493.0046066636764,2177.584840398384,0.404423575196283,0.3935247824705428,45.68,50.0,51.89919999999999,46256182.72990349
UGC01230,data/SPARC/Rotmod\UGC01230_rotmod.dat,1,ok,11,72.5,45.61303845775357,66.3756868827649,20.762648425011328,4.175712092494919,4.103106637774502,62.9536,72.39,82.1456,97253624.18962207
UGC01281,data/SPARC/Rotmod\UGC01281_rotmod.dat,1,ok,25,24.64,272.5793194723827,418.1686738888719,145.58935441648924,1.220306345140724,1.19967454535319,19.8168,24.93,29.6632,11233399.087333284
UGC02023,data/SPARC/Rotmod\UGC02023_rotmod.dat,2,ok,5,11.968,4.859078676912054,5.180715630751629,0.32163695383957513,0.0,8.739789306335748,0.0,11.968,22.080000000000002,2650165.1724402606
UGC02259,data/SPARC/Rotmod\UGC02259_rotmod.dat,2,ok,8,69.74000000000001,52.96517345158859,654.2215873068683,601.2564138552797,0.793769526992179,0.7720168700206358,67.9504,69.55,71.08319999999999,89989878.89724448
UGC02455,data/SPARC/Rotmod\UGC02455_rotmod.dat,3,boundary_zero,8,0.0,755.7110788807568,755.7110788807568,0.0,0.0,1.8655302268658693,0.0,0.0,0.0,0.0
UGC02487,data/SPARC/Rotmod\UGC02487_rotmod.dat,1,ok,17,261.7,139.24367843408058,489.84265950342194,350.59898106934133,1.0699268978206646,1.0513385272929554,259.15040000000005,261.68,263.32,1267176839.37712
UGC02885,data/SPARC/Rotmod\UGC02885_rotmod.dat,1,ok,19,171.66,263.80838844633155,290.2517250487345,26.44333660240295,3.790445534193992,3.7569943984732106,154.5968,170.5,184.6344,545215253.5856395
UGC02916,data/SPARC/Rotmod\UGC02916_rotmod.dat,2,boundary_zero,43,0.0,10405.883490443954,10405.883490443954,0.0,0.0,1.1838498833434943,0.0,0.0,0.0,0.0
UGC02953,data/SPARC/Rotmod\UGC02953_rotmod.dat,2,ok,115,133.5,30438.47430437965,32549.028768287244,2110.5544639075924,0.4149287400783521,0.404800524406113,124.75680000000001,133.81,142.3432,329755701.063209
UGC03205,data/SPARC/Rotmod\UGC03205_rotmod.dat,1,ok,48,129.06,1146.1221765733424,1616.604217059647,470.48204048630464,0.8783565988276507,0.8765059388077816,122.1112,128.76999999999998,133.4496,308186139.61569625
UGC03546,data/SPARC/Rotmod\UGC03546_rotmod.dat,1,ok,30,68.26,1321.4144939118542,1613.105213793528,291.6907198816739,1.0105065627408294,0.9986725235010852,60.7672,67.92,76.5264,86210933.79294227
UGC03580,data/SPARC/Rotmod\UGC03580_rotmod.dat,2,ok,47,59.08,11281.630228250346,12339.04133222545,1057.4111039751042,0.5432899692088,0.539924803116989,50.4904,59.07000000000001,67.5552,64581890.59493352
UGC04278,data/SPARC/Rotmod\UGC04278_rotmod.dat,1,ok,25,40.96,354.49835308871457,557.9686086225017,203.47025553378717,1.2303217201525882,1.1966891723841613,35.204,41.260000000000005,45.9232,31041998.75980242
UGC04305,data/SPARC/Rotmod\UGC04305_rotmod.dat,3,boundary_zero,22,0.0,51.49504068084767,51.49504068084767,0.0,0.0,2.15975890762868,0.0,0.0,0.0,0.0
UGC04325,data/SPARC/Rotmod\UGC04325_rotmod.dat,1,ok,8,64.78,104.59840350345291,295.9243158039035,191.32591230045057,1.3535164755576758,1.32635916053691,58.756800000000005,64.94,70.50319999999999,77644673.60280445
UGC04483,data/SPARC/Rotmod\UGC04483_rotmod.dat,2,ok,8,14.714250000000002,42.10482482390967,171.8106694761895,129.70584465227984,0.7850238553296744,0.7745622267807217,12.49365,14.472750000000001,16.235999999999997,4005954.778702258
UGC04499,data/SPARC/Rotmod\UGC04499_rotmod.dat,1,ok,9,46.519999999999996,108.71628996602945,285.0956265136065,176.37933654757703,1.333173243528826,1.2988554338460006,41.6368,46.56,50.136,40041394.4440338
UGC05005,data/SPARC/Rotmod\UGC05005_rotmod.dat,1,ok,11,49.44,63.755054189613304,82.68588898405851,18.930834794445204,4.141435734998922,3.9972698706994336,37.0984,49.33,62.0832,45225846.61231529
UGC05253,data/SPARC/Rotmod\UGC05253_rotmod.dat,2,boundary_zero,73,0.0,12202.060379731527,12202.060379731527,0.0,0.0,4.460809854701183,0.0,0.0,41.383199999999995,0.0
UGC05414,data/SPARC/Rotmod\UGC05414_rotmod.dat,1,ok,6,26.8,71.77928684493757,143.8342649178654,72.05497807292782,1.6761851992950056,1.6307723491741015,20.971999999999998,26.86,32.760000000000005,13289216.273570353
UGC05716,data/SPARC/Rotmod\UGC05716_rotmod.dat,2,ok,12,55.879999999999995,734.198014711825,6394.094555417043,5659.896540705218,0.24238438410827712,0.2567081033983172,54.24,56.27,58.7896,57775348.813647486
UGC05721,data/SPARC/Rotmod\UGC05721_rotmod.dat,1,ok,23,60.24,263.1054911511955,530.8818825762587,267.7763914250632,1.1768368205236541,1.1511366259517075,55.9368,60.41,63.903200000000005,67142840.09855962
UGC05750,data/SPARC/Rotmod\UGC05750_rotmod.dat,1,ok,11,25.18,63.85882290155145,83.8885906986093,20.029767797057858,3.2590806721783387,3.03364077175506,13.9944,24.950000000000003,37.483200000000004,11731167.420431703
UGC05764,data/SPARC/Rotmod\UGC05764_rotmod.dat,2,ok,10,46.16,377.706647300118,6761.625948586177,6383.91930128606,0.2410054064479965,0.2370390086291394,45.1368,46.2,47.126400000000004,39424063.12981513
UGC05829,data/SPARC/Rotmod\UGC05829_rotmod.dat,2,ok,11,35.58,46.61129261046163,125.59680042580551,78.98550781534388,1.9669459562888747,1.921608688285552,31.4568,35.59,39.892799999999994,23422954.177134473
UGC05918,data/SPARC/Rotmod\UGC05918_rotmod.dat,2,ok,8,29.92,21.43478117123077,129.2230163892961,107.78823521806534,1.6307400631716469,1.6272368051079589,26.6344,30.130000000000003,32.72,16563532.327751633
UGC05986,data/SPARC/Rotmod\UGC05986_rotmod.dat,2,ok,15,69.53999999999999,835.586534199408,1184.9205112511338,349.3339770517258,0.9966527415452191,0.9820853970970802,59.8008,70.07,78.4328,89474474.00679477
UGC05999,data/SPARC/Rotmod\UGC05999_rotmod.dat,2,ok,5,66.3,56.903618589805674,100.5497766727525,43.646158082946826,2.814583820666954,2.7898745851832274,55.86,67.02,77.24000000000001,81331135.94560377
UGC06399,data/SPARC/Rotmod\UGC06399_rotmod.dat,1,ok,9,56.18,63.35210923091037,144.8929919354196,81.54088270450922,2.0501930219847324,2.028234730777193,50.9104,56.07,60.2256,58397364.95405305
UGC06446,data/SPARC/Rotmod\UGC06446_rotmod.dat,1,ok,17,63.56,71.30612123117969,300.83609791361545,229.52997668243574,1.259898497642169,1.2515963008758746,61.2168,63.81,66.1432,74747652.57892522
UGC06614,data/SPARC/Rotmod\UGC06614_rotmod.dat,1,ok,13,68.22,186.62930924573652,192.14941375142007,5.520104505683548,7.8869727995603895,7.187662233370133,0.0,62.21,99.656,86109925.09183863
UGC06628,data/SPARC/Rotmod\UGC06628_rotmod.dat,2,boundary_zero,7,0.0,6.670312378891293,6.670312378891293,0.0,0.0,8.505015146324725,0.0,0.0,0.0,0.0
UGC06667,data/SPARC/Rotmod\UGC06667_rotmod.dat,1,ok,9,63.5,194.51703721213437,457.5459366642415,263.0288994521071,1.188108543201217,1.202854169905109,57.364,63.49,69.3064,74606597.12506133
UGC06786,data/SPARC/Rotmod\UGC06786_rotmod.dat,1,ok,45,153.92000000000002,4597.85091238125,5608.6431980698535,1010.7922856886034,0.6014271106261049,0.6095853632878914,143.4144,153.81,160.8992,438348869.3277984
UGC06787,data/SPARC/Rotmod\UGC06787_rotmod.dat,2,ok,71,144.56,12348.386300083132,14025.454103655953,1677.0678035728215,0.47322871277140166,0.46323063719952984,137.4136,144.2,150.26319999999998,386657163.2707447
UGC06818,data/SPARC/Rotmod\UGC06818_rotmod.dat,2,ok,8,28.52,81.11796397752335,102.13659835198487,21.018634374461527,3.216937710430436,3.0010287253092827,18.400009999999998,28.009999999999998,37.508,15049733.989259716
UGC06917,data/SPARC/Rotmod\UGC06917_rotmod.dat,1,ok,11,64.8,113.22784905196416,222.6325129773449,109.40466392538075,1.7249150075528092,1.7217391184150017,58.833600000000004,64.76,71.4232,77692624.61206958
UGC06923,data/SPARC/Rotmod\UGC06923_rotmod.dat,2,ok,6,39.66,25.14693544377641,43.366883088451466,18.219947644675056,3.8859098417580924,3.6498679484046903,32.0248,39.77,45.6712,29102828.564926308
UGC06930,data/SPARC/Rotmod\UGC06930_rotmod.dat,1,ok,10,71.1,24.20694353135023,70.14782799364073,45.9408844622905,2.7471344867631444,2.714107844292627,67.3904,71.38,74.55279999999999,93533886.99921414
UGC06973,data/SPARC/Rotmod\UGC06973_rotmod.dat,3,boundary_zero,9,0.0,3515.0921237547404,3515.0921237547404,0.0,0.0,3.133908026393152,0.0,0.0,0.0,0.0
UGC06983,data/SPARC/Rotmod\UGC06983_rotmod.dat,1,ok,17,80.96000000000001,74.78996197972623,218.89343148119963,144.1034695014734,1.5866476206295346,1.5620529050258654,77.43039999999999,81.19,84.0432,121274859.53467977
UGC07089,data/SPARC/Rotmod\UGC07089_rotmod.dat,2,ok,12,26.900000000000002,46.82334492269599,71.83138313304063,25.008038210344644,2.8389580442137543,2.6499929016147945,22.5008,26.76,32.7992,13388574.554074187
UGC07125,data/SPARC/Rotmod\UGC07125_rotmod.dat,1,ok,13,36.7,94.40514763834717,322.71207712600466,228.3069294876575,1.0802373679676975,1.0502802103199116,34.06,36.74,39.54,24920795.982831884
UGC07151,data/SPARC/Rotmod\UGC07151_rotmod.dat,1,ok,11,35.5,140.29397477295316,298.21726236913474,157.92328759618158,1.263543437293201,1.2385932774653412,30.1768,35.51,41.9112,23317741.71414435
UGC07232,data/SPARC/Rotmod\UGC07232_rotmod.dat,2,ok,4,16.945999999999998,19.853810910341554,30.458056720101787,10.604245809760233,3.09804343940465,2.7491994667514525,9.193,16.945999999999998,23.3,5313298.136191538
UGC07261,data/SPARC/Rotmod\UGC07261_rotmod.dat,2,ok,7,48.480000000000004,10.483439788377776,46.319800902634185,35.836361114256405,2.989833401985358,2.900129589256352,44.4208,47.8,51.936,43486554.93375703
UGC07323,data/SPARC/Rotmod\UGC07323_rotmod.dat,1,ok,10,24.740000000000002,47.368014455060106,69.73583995656894,22.367825501508833,2.8638398688837405,2.637186656550231,19.22076,25.130000000000003,31.1208,11324764.299461393
UGC07399,data/SPARC/Rotmod\UGC07399_rotmod.dat,1,ok,10,74.96000000000001,248.40762689326687,550.6517546962281,302.2441278029612,1.1072017085245704,1.104587689944438,69.2368,75.28999999999999,80.78240000000001,103965425.90768805
UGC07524,data/SPARC/Rotmod\UGC07524_rotmod.dat,1,ok,31,46.8,518.0105522642725,1036.304369250973,518.2938169867004,0.7807106126001955,0.773838367030578,43.0312,46.839999999999996,50.383199999999995,40524856.66493752
UGC07559,data/SPARC/Rotmod\UGC07559_rotmod.dat,2,ok,7,13.55075,17.53479722737776,30.904829910510507,13.370032683132749,2.193311347134488,2.0035048420339994,9.9576,13.341375,16.926759999999998,3397476.3890400776
UGC07577,data/SPARC/Rotmod\UGC07577_rotmod.dat,2,boundary_zero,9,0.0,2.790640883230484,2.790640883230484,0.0,0.0,3.139498436906339,0.0,0.0,0.0,0.0
UGC07603,data/SPARC/Rotmod\UGC07603_rotmod.dat,1,ok,12,43.019999999999996,230.8350512303545,536.8693709055614,306.03431967520686,1.0321676637709274,1.0090704632166023,38.4536,42.730000000000004,47.452799999999996,34242904.40174402
UGC07608,data/SPARC/Rotmod\UGC07608_rotmod.dat,1,ok,8,43.46,40.49923178187662,88.46376327261744,47.964531490740825,2.6992531676254288,2.6459909234116026,36.06,43.62,49.123200000000004,34946945.70586087
UGC07690,data/SPARC/Rotmod\UGC07690_rotmod.dat,2,ok,7,34.58,10.169328615057422,44.90768877318516,34.73836015812773,2.7082473248210484,2.597496712125313,31.14,34.6,37.66,22124820.665002465
UGC07866,data/SPARC/Rotmod\UGC07866_rotmod.dat,2,ok,7,16.29725,6.242844458501165,23.645784502026977,17.402940043525813,2.390678628641229,2.2169562683146147,14.04268,16.083,18.57933,4914263.46901548
UGC08286,data/SPARC/Rotmod\UGC08286_rotmod.dat,1,ok,17,64.86,428.3662409356691,1389.6999707506136,961.3337298149445,0.6055217681783489,0.6080467632719149,61.9568,65.06,67.26,77836566.4517358
UGC08490,data/SPARC/Rotmod\UGC08490_rotmod.dat,1,ok,30,64.48,208.86206709408202,795.2777752265497,586.4157081324677,0.7810086758473531,0.7855795100920631,62.2968,64.56,66.25600000000001,76927184.70124438
UGC08550,data/SPARC/Rotmod\UGC08550_rotmod.dat,1,ok,11,42.56,174.45244931783162,769.6157774690355,595.1633281512038,0.7486059869889985,0.7401039544645158,38.9504,42.730000000000004,45.682399999999994,33514521.244027406
UGC08699,data/SPARC/Rotmod\UGC08699_rotmod.dat,2,ok,41,70.02,1414.5018469087572,1519.6711451790475,105.16929827029026,1.7302720048520968,1.6914023750257456,58.562400000000004,70.5,82.128,90713932.47625755
UGC08837,data/SPARC/Rotmod\UGC08837_rotmod.dat,2,ok,8,4.152,56.00382375930254,56.223384684207126,0.21956092490458445,0.0,3.3205470451230923,0.0,4.360125,12.019839999999999,318966.0578895241
UGC09037,data/SPARC/Rotmod\UGC09037_rotmod.dat,2,boundary_zero,22,0.0,813.1865602807867,813.1865602807867,0.0,0.0,3.5327910450874476,0.0,0.0,0.0,0.0
UGC09133,data/SPARC/Rotmod\UGC09133_rotmod.dat,1,ok,68,157.86,14326.21300864717,16250.88173853271,1924.6687298855395,0.43321822818018063,0.44168656564730213,151.9512,158.29,163.8888,461077551.5066086
UGC09992,data/SPARC/Rotmod\UGC09992_rotmod.dat,2,ok,5,18.38375,0.026869068711089458,5.411762505657821,5.384893436946731,4.834452933698994,4.098073737478522,18.088,18.403,18.69175,6253137.696914758
UGC10310,data/SPARC/Rotmod\UGC10310_rotmod.dat,1,ok,7,46.16,18.927888449169647,66.28624754203281,47.35835909286317,2.6159720226034935,2.5371060034136903,41.36,46.379999999999995,51.0432,39424063.12981513
UGC11455,data/SPARC/Rotmod\UGC11455_rotmod.dat,1,boundary_zero,36,0.0,1415.4862332054395,1415.4862332054395,0.0,0.0,3.0085090851802883,0.0,0.0,0.0,0.0
UGC11557,data/SPARC/Rotmod\UGC11557_rotmod.dat,2,boundary_zero,12,0.0,79.37975868717581,79.37975868717581,0.0,0.0,4.15684026224713,0.0,0.0,0.0,0.0
UGC11820,data/SPARC/Rotmod\UGC11820_rotmod.dat,1,ok,10,62.5,689.0519126069131,2688.751212496102,1999.6992998891892,0.42018109028194317,0.42269605163238566,57.3704,62.09,64.8696,72275285.5154742
UGC11914,data/SPARC/Rotmod\UGC11914_rotmod.dat,1,boundary_zero,65,0.0,961.6180574240678,961.6180574240678,0.0,0.0,2.9422972416714943,0.0,0.0,0.0,0.0
UGC12506,data/SPARC/Rotmod\UGC12506_rotmod.dat,2,ok,31,172.6,24.64198637248918,61.59217179968701,36.95018542719783,3.231883406591919,3.1970940206542195,170.34799999999998,172.47,175.2696,551202735.2890798
UGC12632,data/SPARC/Rotmod\UGC12632_rotmod.dat,1,ok,15,53.28,84.18193655274128,415.4812999726189,331.29936341987764,1.0003978266231286,1.0140063387283078,51.019999999999996,53.54,55.4392,52524050.91057938
UGC12732,data/SPARC/Rotmod\UGC12732_rotmod.dat,1,ok,16,65.84,228.06153933319874,553.7568351035477,325.69529577034893,1.0520015294190017,1.0331945861714047,61.1,66.41,70.05839999999999,80206474.22019276
UGCA281,data/SPARC/Rotmod\UGCA281_rotmod.dat,3,ok,7,13.889000000000001,36.45125383270427,108.29933902815971,71.84808519545544,0.9718640106526575,0.9400209495566791,11.84576,13.829500000000001,16.306009999999997,3569207.008625584
UGCA442,data/SPARC/Rotmod\UGCA442_rotmod.dat,1,ok,8,45.04,557.4066137959319,1732.0427478051784,1174.6361340092465,0.5490261929584861,0.5505823261067917,31.264,43.71,48.9632,37534146.51830983
UGCA444,data/SPARC/Rotmod\UGCA444_rotmod.dat,2,ok,36,18.837,123.67718357090706,426.16352303052935,302.4863394596223,0.7227565125522517,0.7247651282781327,17.372249999999998,18.84675,20.2528,6565280.060074034
