galaxy,source,q_flag,fit_status,n_points,rho0_best,r0_best,v_inf_best,chi2_min,chi2_red
CamB,data/SPARC/Rotmod\CamB_rotmod.dat,2,boundary,9,0.6309573444801932,0.001,5.839627019598481e-06,85.26023476358465,12.18003353765495
D512-2,data/SPARC/Rotmod\D512-2_rotmod.dat,2,ok,4,26419371.42745843,1.012874308821193,38.273828385321124,0.16015256173672535,0.08007628086836267
D564-8,data/SPARC/Rotmod\D564-8_rotmod.dat,2,ok,6,8069036.97266065,1.7874019286870837,37.32657864340002,0.574155093255243,0.14353877331381076
D631-7,data/SPARC/Rotmod\D631-7_rotmod.dat,1,ok,16,6679026.679942107,6.42358947402639,122.04485514991971,32.118393081719134,2.2941709344085095
DDO064,data/SPARC/Rotmod\DDO064_rotmod.dat,1,ok,14,36152599.90110488,1.467799267622069,64.88159884880466,4.043744444763584,0.3369787037302987
DDO154,data/SPARC/Rotmod\DDO154_rotmod.dat,2,ok,12,21773210.96805398,1.7467156935212218,59.91955396877376,42.807053602985626,4.280705360298563
DDO161,data/SPARC/Rotmod\DDO161_rotmod.dat,1,ok,31,4109882.988566693,5.652261188829041,84.2407180950442,18.292796846976405,0.6307860981716001
DDO168,data/SPARC/Rotmod\DDO168_rotmod.dat,2,ok,10,18813977.493371576,2.8840315031266064,91.96560229241635,39.284561832799675,4.910570229099959
DDO170,data/SPARC/Rotmod\DDO170_rotmod.dat,2,ok,8,12032949.47144656,2.4736219916386197,63.08185984975734,8.396136038251154,1.3993560063751922
ESO079-G014,data/SPARC/Rotmod\ESO079-G014_rotmod.dat,1,ok,15,10397531.207814628,7.134003750712559,169.11555646603955,29.319687466577875,2.255360574352144
ESO116-G012,data/SPARC/Rotmod\ESO116-G012_rotmod.dat,1,ok,15,24662154.13765497,3.630780547701015,132.55637324364363,15.4516511846628,1.1885885526663693
ESO444-G084,data/SPARC/Rotmod\ESO444-G084_rotmod.dat,2,ok,7,119892136.00327535,0.909680507660532,73.22668047724412,4.666165156561745,0.933233031312349
ESO563-G021,data/SPARC/Rotmod\ESO563-G021_rotmod.dat,1,ok,30,13397962.555354586,10.471285480508996,281.7763175725322,407.19429585768245,14.542653423488659
F561-1,data/SPARC/Rotmod\F561-1_rotmod.dat,3,boundary,6,0.6397348354826481,0.001,5.8801053803163866e-06,3.7273968873168393,0.9318492218292098
F563-1,data/SPARC/Rotmod\F563-1_rotmod.dat,1,ok,17,46585210.476663254,2.285014124201237,114.65632809705676,8.765506507233301,0.5843671004822201
F563-V1,data/SPARC/Rotmod\F563-V1_rotmod.dat,3,ok,6,23178497022.53928,0.0013724609610075626,1.536129201256849,0.8697202897748693,0.21743007244371731
F563-V2,data/SPARC/Rotmod\F563-V2_rotmod.dat,1,ok,10,106309883.7896201,1.6895761786607704,128.070678051447,1.9548069950765052,0.24435087438456315
F565-V2,data/SPARC/Rotmod\F565-V2_rotmod.dat,2,ok,7,16970921.56825401,3.4762508743877074,105.28074115960078,0.36944488669932646,0.0738889773398653
F567-2,data/SPARC/Rotmod\F567-2_rotmod.dat,3,ok,5,7897477.042180815,2.1270503864781256,43.94475759392001,0.9285369367295213,0.30951231224317377
F568-1,data/SPARC/Rotmod\F568-1_rotmod.dat,1,ok,12,64026032.2652467,2.4799586776299734,145.8840623543904,1.770051385068167,0.1770051385068167
F568-3,data/SPARC/Rotmod\F568-3_rotmod.dat,1,ok,18,11089966.456625652,5.154923471082806,126.20380468792041,19.27918302234468,1.2049489388965424
F568-V1,data/SPARC/Rotmod\F568-V1_rotmod.dat,1,ok,15,119892136.00327535,1.482897425229925,119.3690037583631,1.5417460948067983,0.1185958534466768
F571-8,data/SPARC/Rotmod\F571-8_rotmod.dat,1,ok,13,9790879.496616116,11.248927328479361,258.7659169531914,514.2492649071048,46.749933173373165
F571-V1,data/SPARC/Rotmod\F571-V1_rotmod.dat,2,ok,7,11627554.186878186,3.7728250474469944,94.5792709650678,0.38858883939278194,0.07771776787855639
F574-1,data/SPARC/Rotmod\F574-1_rotmod.dat,1,ok,14,37740374.167162515,2.154434690031882,97.30194989670052,4.578080380351713,0.3815066983626427
F574-2,data/SPARC/Rotmod\F574-2_rotmod.dat,3,boundary,5,0.6309573444801932,0.001,5.839627019598481e-06,3.356988146203046,1.1189960487343487
F579-V1,data/SPARC/Rotmod\F579-V1_rotmod.dat,1,ok,14,611094714.0911962,0.4922913696391971,89.4667363716175,1.1170558500325145,0.09308798750270954
F583-1,data/SPARC/Rotmod\F583-1_rotmod.dat,1,ok,25,19640262.446262375,2.951209226666386,96.15209533381967,8.606293076366669,0.374186655494203
F583-4,data/SPARC/Rotmod\F583-4_rotmod.dat,1,ok,12,24348971.43305513,1.7113283041617795,62.08100698282395,3.4061400249315614,0.34061400249315615
IC2574,data/SPARC/Rotmod\IC2574_rotmod.dat,2,ok,34,2185263.8224960985,18.716395863694846,203.40389713109744,75.99965453277079,2.374989204149087
IC4202,data/SPARC/Rotmod\IC4202_rotmod.dat,1,ok,32,1624533.5399440527,452.4343346616744,4239.405959625826,1611.8529450255562,53.728431500851876
KK98-251,data/SPARC/Rotmod\KK98-251_rotmod.dat,2,ok,15,8606403.5371034,2.448436746822227,52.80619206214614,3.9892909500457496,0.30686853461890384
NGC0024,data/SPARC/Rotmod\NGC0024_rotmod.dat,1,ok,29,298160159.72831035,0.7922986006650867,100.57702942470078,10.38611963989393,0.3846710977738493
NGC0055,data/SPARC/Rotmod\NGC0055_rotmod.dat,2,ok,21,5771269.006598448,5.725030144912073,101.11103269042418,41.52674834370684,2.1856183338793076
NGC0100,data/SPARC/Rotmod\NGC0100_rotmod.dat,1,ok,21,8423418.380695058,6.277370726158548,133.93900649092504,6.807063928828113,0.3582665225699007
NGC0247,data/SPARC/Rotmod\NGC0247_rotmod.dat,2,ok,26,39226665.79496431,1.685259044750751,77.59656091020538,54.301305344526085,2.2625543893552535
NGC0289,data/SPARC/Rotmod\NGC0289_rotmod.dat,2,ok,28,3344098.567166306,12.783997194630237,171.86653090643566,71.08416651951185,2.73400640459661
NGC0300,data/SPARC/Rotmod\NGC0300_rotmod.dat,2,ok,25,20948227.745127723,3.2029897993437473,107.77407604940488,9.281020932328596,0.4035226492316781
NGC0801,data/SPARC/Rotmod\NGC0801_rotmod.dat,1,boundary,13,219323.5522733314,1584.893192461114,5456.670691330123,498.0642899895121,45.27857181722837
NGC0891,data/SPARC/Rotmod\NGC0891_rotmod.dat,1,boundary,18,0.6309573444801932,0.001,5.839627019598481e-06,3702.4594000942297,231.40371250588936
NGC1003,data/SPARC/Rotmod\NGC1003_rotmod.dat,1,ok,36,4986886.1950425105,7.842317924409981,128.74912390143248,83.99110111117021,2.470326503269712
NGC1090,data/SPARC/Rotmod\NGC1090_rotmod.dat,1,ok,24,1021358.7046450892,42.2236288651233,313.71104700960564,159.50373066399823,7.250169575636283
NGC1705,data/SPARC/Rotmod\NGC1705_rotmod.dat,3,ok,14,1225840903.0999603,0.26573235992720434,68.39850479553755,1.6052173633102156,0.13376811360918464
NGC2366,data/SPARC/Rotmod\NGC2366_rotmod.dat,3,ok,26,15241887.777412029,2.2330008525791927,64.09045843687419,49.459943169044784,2.060830965376866
NGC2403,data/SPARC/Rotmod\NGC2403_rotmod.dat,1,ok,73,16186288.87082331,4.973552042191397,147.10431750321814,1513.037568943183,21.31038829497441
NGC2683,data/SPARC/Rotmod\NGC2683_rotmod.dat,2,ok,11,1288111.5914429782,26.235472418731792,218.90251054755282,51.409017129980754,5.712113014442306
NGC2841,data/SPARC/Rotmod\NGC2841_rotmod.dat,1,ok,50,31917657.326151635,6.358187535472227,264.0790485245646,70.89013974892394,1.4768779114359154
NGC2903,data/SPARC/Rotmod\NGC2903_rotmod.dat,1,boundary,34,1529748.919228926,1584.893192461114,14411.035462123913,5974.202192912685,186.6938185285214
NGC2915,data/SPARC/Rotmod\NGC2915_rotmod.dat,2,ok,30,105847881.57755594,1.1900235488950854,90.00813233079177,30.24042369106556,1.0800151318237698
NGC2955,data/SPARC/Rotmod\NGC2955_rotmod.dat,1,boundary,24,0.6309573444801932,0.001,5.839627019598481e-06,1386.138212670614,63.00628239411881
NGC2976,data/SPARC/Rotmod\NGC2976_rotmod.dat,2,boundary,27,0.6309573444801932,0.001,5.839627019598481e-06,28.270373875713727,1.1308149550285491
NGC2998,data/SPARC/Rotmod\NGC2998_rotmod.dat,1,ok,13,2057762.9753391186,21.324992587926747,224.89079135479838,35.374814161125364,3.2158921964659424
NGC3109,data/SPARC/Rotmod\NGC3109_rotmod.dat,1,ok,25,16897169.222509556,3.1220829994678327,94.34883252089163,4.691380755935155,0.20397307634500675
NGC3198,data/SPARC/Rotmod\NGC3198_rotmod.dat,1,ok,43,3401895.198284852,12.177427582334149,165.1205513253691,321.96545522925675,7.852815981201384
NGC3521,data/SPARC/Rotmod\NGC3521_rotmod.dat,1,boundary,41,2433159.2962181787,1584.893192461114,18174.830976652866,1153.4092637485637,29.574596506373428
NGC3726,data/SPARC/Rotmod\NGC3726_rotmod.dat,2,boundary,12,520218.804259765,1584.893192461114,8403.846913843887,214.13831525858697,21.413831525858697
NGC3741,data/SPARC/Rotmod\NGC3741_rotmod.dat,1,ok,21,21773210.96805398,1.7467156935212218,59.91955396877376,10.667696994968578,0.5614577365772936
NGC3769,data/SPARC/Rotmod\NGC3769_rotmod.dat,2,ok,12,3954160.228210763,8.91250938133746,130.29034712169434,56.84288936023597,5.684288936023597
NGC3877,data/SPARC/Rotmod\NGC3877_rotmod.dat,2,boundary,13,0.6309573444801932,0.001,5.839627019598481e-06,278.2137844219623,25.292162220178394
NGC3893,data/SPARC/Rotmod\NGC3893_rotmod.dat,1,boundary,10,2281237.7129326756,1584.893192461114,17598.28637598397,122.57196478599033,15.321495598248791
NGC3917,data/SPARC/Rotmod\NGC3917_rotmod.dat,1,ok,17,16537909.847823093,3.763184883745222,112.5073706109989,26.822925670665416,1.7881950447110277
NGC3949,data/SPARC/Rotmod\NGC3949_rotmod.dat,2,boundary,7,0.6309573444801932,0.001,5.839627019598481e-06,196.61370624277245,39.32274124855449
NGC3953,data/SPARC/Rotmod\NGC3953_rotmod.dat,1,boundary,8,0.6309573444801932,0.001,5.839627019598481e-06,69.07293117977969,11.512155196629948
NGC3972,data/SPARC/Rotmod\NGC3972_rotmod.dat,1,ok,10,13986383.311294373,4.860340175990217,133.6301602449189,13.208231115118549,1.6510288893898186
NGC3992,data/SPARC/Rotmod\NGC3992_rotmod.dat,1,ok,9,5552596.6154466225,12.492997891187333,216.421218576224,8.044113458151157,1.1491590654501653
NGC4010,data/SPARC/Rotmod\NGC4010_rotmod.dat,2,ok,12,3551301.926056501,27.19220617357352,376.72405509541466,34.45265229275569,3.4452652292755688
NGC4013,data/SPARC/Rotmod\NGC4013_rotmod.dat,2,boundary,36,1239305.2645417044,1584.893192461114,12971.023813105796,540.9669149192837,15.91079161527305
NGC4051,data/SPARC/Rotmod\NGC4051_rotmod.dat,2,boundary,7,0.6309573444801932,0.001,5.839627019598481e-06,104.70544359698852,20.941088719397705
NGC4068,data/SPARC/Rotmod\NGC4068_rotmod.dat,2,boundary,6,5896640.502364018,1584.893192461114,28293.549544279078,4.732113545769982,1.1830283864424955
NGC4085,data/SPARC/Rotmod\NGC4085_rotmod.dat,2,boundary,7,0.6309573444801932,0.001,5.839627019598481e-06,219.17822683602103,43.83564536720421
NGC4088,data/SPARC/Rotmod\NGC4088_rotmod.dat,1,boundary,12,0.6309573444801932,0.001,5.839627019598481e-06,619.0067617518013,61.90067617518012
NGC4100,data/SPARC/Rotmod\NGC4100_rotmod.dat,1,ok,24,4478811.562345995,11.629353057942051,180.93478148717563,55.99557949063111,2.545253613210505
NGC4138,data/SPARC/Rotmod\NGC4138_rotmod.dat,2,ok,7,2232735.148777283,27.82559402207123,305.6667212131803,14.05757833916674,2.811515667833348
NGC4157,data/SPARC/Rotmod\NGC4157_rotmod.dat,1,boundary,17,714981.1196669218,1584.893192461114,9852.181323638868,307.0418239045566,20.469454926970442
NGC4183,data/SPARC/Rotmod\NGC4183_rotmod.dat,1,ok,23,40253736.7004742,1.9648677899934663,91.64769432908905,5.136378694402083,0.24458946163819442
NGC4214,data/SPARC/Rotmod\NGC4214_rotmod.dat,2,ok,14,91461919.17411913,1.291549665014884,90.80638264510631,11.033215721546673,0.9194346434622228
NGC4217,data/SPARC/Rotmod\NGC4217_rotmod.dat,1,boundary,19,48119.99587019713,1584.893192461114,2555.923788442197,1595.255512602581,93.8385595648577
NGC4389,data/SPARC/Rotmod\NGC4389_rotmod.dat,3,boundary,6,0.6309573444801932,0.001,5.839627019598481e-06,479.2146881445942,119.80367203614855
NGC4559,data/SPARC/Rotmod\NGC4559_rotmod.dat,1,ok,32,2093327.6470215854,17.467156935212216,185.79154071795242,81.51464737802276,2.717154912600759
NGC5005,data/SPARC/Rotmod\NGC5005_rotmod.dat,1,boundary,18,0.6309573444801932,0.001,5.839627019598481e-06,251.4164593960229,15.713528712251431
NGC5033,data/SPARC/Rotmod\NGC5033_rotmod.dat,1,ok,22,9790879.496616116,8.211914981540966,188.90367482064198,369.6658238391499,18.483291191957495
NGC5055,data/SPARC/Rotmod\NGC5055_rotmod.dat,1,ok,28,395133.80450009456,974.7402255566054,4504.494814135351,83885.89023367329,3226.380393602819
NGC5371,data/SPARC/Rotmod\NGC5371_rotmod.dat,1,boundary,19,0.6309573444801932,0.001,5.839627019598481e-06,2412.544624918315,141.91438970107737
NGC5585,data/SPARC/Rotmod\NGC5585_rotmod.dat,1,ok,24,6537020.470679938,7.8222795638600235,147.03081520702204,332.49455661133953,15.113388936879069
NGC5907,data/SPARC/Rotmod\NGC5907_rotmod.dat,1,ok,19,1344683.7450999357,32.35936569296285,275.8641001905969,84.80997529897945,4.988822076410556
NGC5985,data/SPARC/Rotmod\NGC5985_rotmod.dat,1,ok,33,2207847091.552545,0.5888436553555891,203.40873806499621,119.67201345506986,3.8603875308087052
NGC6015,data/SPARC/Rotmod\NGC6015_rotmod.dat,2,ok,44,6537020.470679938,9.213920154447731,173.18866968394926,409.24345977546875,9.743891899415923
NGC6195,data/SPARC/Rotmod\NGC6195_rotmod.dat,1,boundary,23,0.6309573444801932,0.001,5.839627019598481e-06,1354.4575918722767,64.49798056534651
NGC6503,data/SPARC/Rotmod\NGC6503_rotmod.dat,1,ok,31,10220881.945937147,5.342909004931614,125.57612373129027,536.5642398147919,18.502215166027305
NGC6674,data/SPARC/Rotmod\NGC6674_rotmod.dat,1,ok,15,5272863.291730195,13.981557579172984,236.02821431759108,87.69105480148289,6.7454657539602225
NGC6789,data/SPARC/Rotmod\NGC6789_rotmod.dat,2,ok,4,376032001.3975739,1.4528548322874288,207.11890179570005,0.4355210124636331,0.21776050623181656
NGC6946,data/SPARC/Rotmod\NGC6946_rotmod.dat,1,boundary,58,0.6309573444801932,0.001,5.839627019598481e-06,5002.157013061225,89.3242323760933
NGC7331,data/SPARC/Rotmod\NGC7331_rotmod.dat,1,boundary,36,479450.95282222336,1584.893192461114,8067.838617968627,5529.39016106407,162.62912238423735
NGC7793,data/SPARC/Rotmod\NGC7793_rotmod.dat,1,ok,46,5410922.552335578,8.107536058544312,138.64673830428018,57.782199606193814,1.3132318092316775
NGC7814,data/SPARC/Rotmod\NGC7814_rotmod.dat,1,ok,18,11330878.062213177,10.853143756811052,268.57924450793945,127.31025263324072,7.956890789577545
PGC51017,data/SPARC/Rotmod\PGC51017_rotmod.dat,3,boundary,6,0.6309573444801932,0.001,5.839627019598481e-06,19.466892705469938,4.8667231763674845
UGC00128,data/SPARC/Rotmod\UGC00128_rotmod.dat,1,ok,22,22729461.53258014,3.5938136638046267,125.96075020013919,67.78849300941957,3.3894246504709784
UGC00191,data/SPARC/Rotmod\UGC00191_rotmod.dat,1,ok,9,61065856.048532754,1.3048348742603946,74.96177986254582,12.819943072757166,1.8314204389653095
UGC00634,data/SPARC/Rotmod\UGC00634_rotmod.dat,2,ok,4,13456441.650500145,4.594330379610215,123.90032565366168,3.6964777201003494,1.8482388600501747
UGC00731,data/SPARC/Rotmod\UGC00731_rotmod.dat,1,ok,12,70979311.59387036,1.1364636663857242,70.38928542667708,1.449096795594121,0.14490967955941209
UGC00891,data/SPARC/Rotmod\UGC00891_rotmod.dat,2,ok,5,10220881.945937147,3.724869921755537,87.54682622249184,2.173418283060785,0.7244727610202616
UGC01230,data/SPARC/Rotmod\UGC01230_rotmod.dat,1,ok,11,52766293.54284212,1.829035868014597,97.67549619882745,5.729914972111962,0.6366572191235513
UGC01281,data/SPARC/Rotmod\UGC01281_rotmod.dat,1,ok,25,18022455.152499966,2.623547241873178,81.88059219222485,6.294776988252889,0.27368595601099516
UGC02023,data/SPARC/Rotmod\UGC02023_rotmod.dat,2,boundary,5,4576106.50808175,1584.893192461114,24924.885468164794,1.5164342655658698,0.5054780885219566
UGC02259,data/SPARC/Rotmod\UGC02259_rotmod.dat,2,ok,8,303313313.0878623,0.6197581152457408,79.35112128544357,4.55828728729841,0.7597145478830684
UGC02455,data/SPARC/Rotmod\UGC02455_rotmod.dat,3,boundary,8,0.6309573444801932,0.001,5.839627019598481e-06,755.7110788807664,125.95184648012774
UGC02487,data/SPARC/Rotmod\UGC02487_rotmod.dat,1,ok,17,67973727.36409666,4.6654000414874774,282.7772983235178,66.40979481420904,4.427319654280603
UGC02885,data/SPARC/Rotmod\UGC02885_rotmod.dat,1,ok,19,1589993.4997733033,40.323252521113446,373.7991756907413,22.805007856400874,1.341471050376522
UGC02916,data/SPARC/Rotmod\UGC02916_rotmod.dat,2,boundary,43,0.6309573444801932,0.001,5.839627019598481e-06,10405.883490443974,253.80203635229205
UGC02953,data/SPARC/Rotmod\UGC02953_rotmod.dat,2,ok,115,3551301.926056501,23.927035221506397,331.4879887832258,8232.659309509061,72.85539211954921
UGC03205,data/SPARC/Rotmod\UGC03205_rotmod.dat,1,ok,48,3787804.859649404,17.692034507824403,253.13761594005487,174.86599087619047,3.80143458426501
UGC03546,data/SPARC/Rotmod\UGC03546_rotmod.dat,1,boundary,30,1434234.4668049666,1584.893192461114,13953.886523770176,739.6009275381527,26.414318840648313
UGC03580,data/SPARC/Rotmod\UGC03580_rotmod.dat,2,ok,47,3189487.6894554575,14.161560469248535,185.9330894601997,4657.263360395417,103.49474134212038
UGC04278,data/SPARC/Rotmod\UGC04278_rotmod.dat,1,ok,25,11089966.456625652,8.687381404640243,212.6861033322753,9.678845805960698,0.4208193828678564
UGC04305,data/SPARC/Rotmod\UGC04305_rotmod.dat,3,boundary,22,0.6309573444801932,0.001,5.839627019598481e-06,51.495040680854856,2.574752034042743
UGC04325,data/SPARC/Rotmod\UGC04325_rotmod.dat,1,ok,8,298160159.72831035,0.6657839682254358,84.51683961891726,7.672995930798502,1.2788326551330835
UGC04483,data/SPARC/Rotmod\UGC04483_rotmod.dat,2,ok,8,72521222.47218162,0.4179372792084027,26.165484363162985,1.9469704968670645,0.3244950828111774
UGC04499,data/SPARC/Rotmod\UGC04499_rotmod.dat,1,ok,9,17264232.926732652,2.5054681650658717,76.53280689057974,5.258846301712737,0.7512637573875338
UGC05005,data/SPARC/Rotmod\UGC05005_rotmod.dat,1,ok,11,3003394.6519851247,9.549925860214362,121.67218603193727,0.662996086537377,0.07366623183748633
UGC05253,data/SPARC/Rotmod\UGC05253_rotmod.dat,2,ok,73,3135299.7639904055,19.20141938638801,249.95278356235943,8122.225561123387,114.39754311441389
UGC05414,data/SPARC/Rotmod\UGC05414_rotmod.dat,1,ok,6,10397531.207814628,4.222362886512329,100.0934782355228,0.7133230897303297,0.1783307724325824
UGC05716,data/SPARC/Rotmod\UGC05716_rotmod.dat,2,ok,12,29161254.393213853,1.9152356728071418,76.03445412453594,24.123200735821122,2.412320073582112
UGC05721,data/SPARC/Rotmod\UGC05721_rotmod.dat,1,ok,23,331983331.68586123,0.6072021956909882,81.33483354845185,17.857303093067856,0.8503477663365645
UGC05750,data/SPARC/Rotmod\UGC05750_rotmod.dat,1,ok,11,5410922.552335578,4.860340175990217,83.11653597150777,1.5383363551033795,0.17092626167815328
UGC05764,data/SPARC/Rotmod\UGC05764_rotmod.dat,2,ok,10,241550394.95902765,0.5154923471082811,58.899445681756426,35.84860398037245,4.4810754975465565
UGC05829,data/SPARC/Rotmod\UGC05829_rotmod.dat,2,ok,11,17639270.496943813,2.154434690031882,66.52099747068652,1.4464616201679252,0.16071795779643613
UGC05918,data/SPARC/Rotmod\UGC05918_rotmod.dat,2,ok,8,55083719.211583786,0.7922986006650867,43.23003888235097,0.13707898528152043,0.022846497546920072
UGC05986,data/SPARC/Rotmod\UGC05986_rotmod.dat,2,ok,15,37740374.167162515,2.951209226666386,133.28712800457345,19.689414790199955,1.5145703684769196
UGC05999,data/SPARC/Rotmod\UGC05999_rotmod.dat,2,ok,5,6972360.678430024,5.99484250318941,116.37315525423753,4.883747402822504,1.6279158009408345
UGC06399,data/SPARC/Rotmod\UGC06399_rotmod.dat,1,ok,9,26875981.971109528,2.5054681650658717,95.48962081639723,0.587959610885678,0.08399423012652543
UGC06446,data/SPARC/Rotmod\UGC06446_rotmod.dat,1,ok,17,117855223.88379258,1.0,79.81040744540037,2.723245935811861,0.18154972905412406
UGC06614,data/SPARC/Rotmod\UGC06614_rotmod.dat,1,ok,13,921304.3055723906,54.67361343140255,385.801966972655,64.38379681381767,5.853072437619788
UGC06628,data/SPARC/Rotmod\UGC06628_rotmod.dat,2,boundary,7,0.6309573444801932,0.001,5.839627019598481e-06,6.670312378891735,1.334062475778347
UGC06667,data/SPARC/Rotmod\UGC06667_rotmod.dat,1,ok,9,56280324.024492554,1.7467156935212218,96.33533814975274,1.7026975953736883,0.2432425136248126
UGC06786,data/SPARC/Rotmod\UGC06786_rotmod.dat,1,ok,45,16537909.847823093,8.489632461253818,253.81326062270506,182.0714959858115,4.234220836879337
UGC06787,data/SPARC/Rotmod\UGC06787_rotmod.dat,2,ok,71,15241887.777412029,9.332543007969912,267.85791822326416,3255.2666160038893,47.177777043534626
UGC06818,data/SPARC/Rotmod\UGC06818_rotmod.dat,2,boundary,8,4383585.25431546,1584.893192461114,24394.94470415238,19.798202536651676,3.2997004227752793
UGC06917,data/SPARC/Rotmod\UGC06917_rotmod.dat,1,ok,11,20857190.79529689,3.311311214825912,111.17650477276221,5.076718203782084,0.5640798004202315
UGC06923,data/SPARC/Rotmod\UGC06923_rotmod.dat,2,ok,6,10397531.207814628,5.207948328595464,123.45733341517123,6.164713869002965,1.5411784672507411
UGC06930,data/SPARC/Rotmod\UGC06930_rotmod.dat,1,ok,10,26419371.42745843,2.4799586776299734,93.71104786018788,1.856030546053617,0.23200381825670213
UGC06973,data/SPARC/Rotmod\UGC06973_rotmod.dat,3,boundary,9,0.6309573444801932,0.001,5.839627019598481e-06,3515.0921237547445,502.1560176792492
UGC06983,data/SPARC/Rotmod\UGC06983_rotmod.dat,1,ok,17,43676523.427564986,2.2046179206361836,107.11307166774678,7.19542712713551,0.479695141809034
UGC07089,data/SPARC/Rotmod\UGC07089_rotmod.dat,2,boundary,12,2330793.916939143,1584.893192461114,17788.40658060634,1.6607324882309484,0.16607324882309485
UGC07125,data/SPARC/Rotmod\UGC07125_rotmod.dat,1,ok,13,3121674.357068552,4.478278630502829,58.16878852860092,7.104220783980064,0.6458382530890967
UGC07151,data/SPARC/Rotmod\UGC07151_rotmod.dat,1,ok,11,40253736.7004742,1.3698299792149697,63.89323488189167,7.997069832415261,0.8885633147128068
UGC07232,data/SPARC/Rotmod\UGC07232_rotmod.dat,2,boundary,4,80748001.59815031,1584.893192461114,104701.04126847637,2.420979040119957,1.2104895200599786
UGC07261,data/SPARC/Rotmod\UGC07261_rotmod.dat,2,ok,7,97128982.05602427,0.8687381404640241,62.94314179550981,2.9057087345524972,0.5811417469104995
UGC07323,data/SPARC/Rotmod\UGC07323_rotmod.dat,1,boundary,10,4777083.0401194645,1584.893192461114,25466.33833916363,2.4605287045275666,0.3075660880659458
UGC07399,data/SPARC/Rotmod\UGC07399_rotmod.dat,1,ok,10,247874903.50057924,0.923752348550053,106.91950611354675,2.2204955792557173,0.27756194740696466
UGC07524,data/SPARC/Rotmod\UGC07524_rotmod.dat,1,ok,31,22729461.53258014,2.2046179206361836,77.27037436159661,9.209694627917555,0.3175756768247433
UGC07559,data/SPARC/Rotmod\UGC07559_rotmod.dat,2,ok,7,7931947.754384363,2.6302679918953826,54.45967331604142,1.2214685269589842,0.24429370539179684
UGC07577,data/SPARC/Rotmod\UGC07577_rotmod.dat,2,boundary,9,0.6309573444801932,0.001,5.839627019598481e-06,2.7906408832330563,0.398662983319008
UGC07603,data/SPARC/Rotmod\UGC07603_rotmod.dat,1,ok,12,65132605.20097038,1.2751332063284526,75.65539267171948,5.88506102798576,0.588506102798576
UGC07608,data/SPARC/Rotmod\UGC07608_rotmod.dat,1,ok,8,35995487.687914595,2.00549794924183,88.45682815655462,0.5340651707122639,0.08901086178537732
UGC07690,data/SPARC/Rotmod\UGC07690_rotmod.dat,2,ok,7,70979311.59387036,0.774263682681127,47.955661907852246,1.454866929139962,0.2909733858279924
UGC07866,data/SPARC/Rotmod\UGC07866_rotmod.dat,2,ok,7,25745283.256789736,0.8296384833371918,30.94730502416102,0.31700856010263556,0.0634017120205271
UGC08286,data/SPARC/Rotmod\UGC08286_rotmod.dat,1,ok,17,141763978.04598862,0.9308696887034212,81.48111137141774,13.527540197635673,0.9018360131757116
UGC08490,data/SPARC/Rotmod\UGC08490_rotmod.dat,1,ok,30,199939786.8603308,0.73941607658613,76.86411137026627,4.632773670706885,0.1654562025252459
UGC08550,data/SPARC/Rotmod\UGC08550_rotmod.dat,1,ok,11,84662272.67113838,0.862095852155658,58.3157178652854,3.5226947126477284,0.3914105236275254
UGC08699,data/SPARC/Rotmod\UGC08699_rotmod.dat,2,ok,41,6824117.744691505,11.629353057942051,223.33866751811442,471.3679245681443,12.086357040208828
UGC08837,data/SPARC/Rotmod\UGC08837_rotmod.dat,2,boundary,8,2939537.93904108,1584.893192461114,19976.741241570722,16.3114508419165,2.7185751403194165
UGC09037,data/SPARC/Rotmod\UGC09037_rotmod.dat,2,boundary,22,356425.6844412323,1584.893192461114,6956.160684588444,790.7647026847768,39.53823513423884
UGC09133,data/SPARC/Rotmod\UGC09133_rotmod.dat,1,ok,68,2291194.802804591,20.365209818432117,226.6235331031085,4927.301359571616,74.65608120563054
UGC09992,data/SPARC/Rotmod\UGC09992_rotmod.dat,2,ok,5,13890845539.708807,0.021434389143640698,18.57208067617493,0.026114010407126055,0.008704670135708685
UGC10310,data/SPARC/Rotmod\UGC10310_rotmod.dat,1,ok,7,48419829.49777211,1.2751332063284526,65.23073811962588,0.7008349089660278,0.14016698179320558
UGC11455,data/SPARC/Rotmod\UGC11455_rotmod.dat,1,boundary,36,520218.804259765,1584.893192461114,8403.846913843887,1291.8391957173678,37.99527046227553
UGC11557,data/SPARC/Rotmod\UGC11557_rotmod.dat,2,boundary,12,0.6309573444801932,0.001,5.839627019598481e-06,79.37975868717777,7.937975868717777
UGC11820,data/SPARC/Rotmod\UGC11820_rotmod.dat,1,ok,10,9582710.589785337,3.9004176328463434,88.764723892095,27.338735131123357,3.4173418913904197
UGC11914,data/SPARC/Rotmod\UGC11914_rotmod.dat,1,boundary,65,0.6309573444801932,0.001,5.839627019598481e-06,961.6180574240719,15.263778689270984
UGC12506,data/SPARC/Rotmod\UGC12506_rotmod.dat,2,ok,31,701280031.5819511,0.9356450215595894,182.1553607683563,9.161662728553326,0.3159194044328733
UGC12632,data/SPARC/Rotmod\UGC12632_rotmod.dat,1,ok,15,38728529.53251416,1.5058363542798403,68.89352255944553,1.2861495450524791,0.09893458038865224
UGC12732,data/SPARC/Rotmod\UGC12732_rotmod.dat,1,ok,16,28541242.018335007,2.2791755523244235,89.51572248852669,7.271521390934901,0.5193943850667787
UGCA281,data/SPARC/Rotmod\UGCA281_rotmod.dat,3,ok,7,80748001.59815031,0.4922913696391971,32.52169878316451,0.8444336068037408,0.16888672136074817
UGCA442,data/SPARC/Rotmod\UGCA442_rotmod.dat,1,ok,8,26875981.971109528,1.7467156935212218,66.57167773034011,4.872240155296037,0.8120400258826729
UGCA444,data/SPARC/Rotmod\UGCA444_rotmod.dat,2,ok,36,50766987.745791234,0.7225849118130786,37.84989646972769,6.338204159637442,0.18641776940110125
